CPI ANNUAL RATE 00: ALL ITEMS 2015=100,Date,YearMonth,Gross Value Added - Monthly (3 month on 3 month growth) :CVM SA,Bank Rate,Exchange_USD,"Unemployment rate (aged 16 and over, seasonally adjusted): %",RPI: Percentage change over 12 months - Petrol and Oil incl Fuel Oil
,1971-02-01,1971-02,,,,3.8,
,1971-03-01,1971-03,,,,3.9,
,1971-04-01,1971-04,,,,4.0,
,1971-05-01,1971-05,,,,4.1,
,1971-06-01,1971-06,,,,4.1,
,1971-07-01,1971-07,,,,4.2,
,1971-08-01,1971-08,,,,4.2,
,1971-09-01,1971-09,,,,4.3,
,1971-10-01,1971-10,,,,4.4,
,1971-11-01,1971-11,,,,4.4,
,1971-12-01,1971-12,,,,4.5,
,1972-01-01,1972-01,,,,4.5,
,1972-02-01,1972-02,,,,4.5,
,1972-03-01,1972-03,,,,4.5,
,1972-04-01,1972-04,,,,4.5,
,1972-05-01,1972-05,,,,4.4,
,1972-06-01,1972-06,,,,4.4,
,1972-07-01,1972-07,,,,4.3,
,1972-08-01,1972-08,,,,4.3,
,1972-09-01,1972-09,,,,4.2,
,1972-10-01,1972-10,,,,4.2,
,1972-11-01,1972-11,,,,4.2,
,1972-12-01,1972-12,,,,4.1,
,1973-01-01,1973-01,,,,4.0,
,1973-02-01,1973-02,,,,3.9,
,1973-03-01,1973-03,,,,3.8,
,1973-04-01,1973-04,,,,3.8,
,1973-05-01,1973-05,,,,3.7,
,1973-06-01,1973-06,,,,3.7,
,1973-07-01,1973-07,,,,3.6,
,1973-08-01,1973-08,,,,3.6,
,1973-09-01,1973-09,,,,3.5,
,1973-10-01,1973-10,,,,3.5,
,1973-11-01,1973-11,,,,3.4,
,1973-12-01,1973-12,,,,3.4,
,1974-01-01,1974-01,,,,3.5,
,1974-02-01,1974-02,,,,3.6,
,1974-03-01,1974-03,,,,3.6,
,1974-04-01,1974-04,,,,3.6,
,1974-05-01,1974-05,,,,3.6,
,1974-06-01,1974-06,,,,3.6,
,1974-07-01,1974-07,,,,3.7,
,1974-08-01,1974-08,,,,3.7,
,1974-09-01,1974-09,,,,3.7,
,1974-10-01,1974-10,,,,3.7,
,1974-11-01,1974-11,,,,3.7,
,1974-12-01,1974-12,,,,3.8,
,1975-01-01,1975-01,,,,3.9,
,1975-02-01,1975-02,,,,4.0,
,1975-03-01,1975-03,,,,4.1,
,1975-04-01,1975-04,,,,4.2,
,1975-05-01,1975-05,,,,4.3,
,1975-06-01,1975-06,,,,4.5,
,1975-07-01,1975-07,,,,4.6,
,1975-08-01,1975-08,,,,4.7,
,1975-09-01,1975-09,,,,4.8,
,1975-10-01,1975-10,,,,4.9,
,1975-11-01,1975-11,,,,5.0,
,1975-12-01,1975-12,,,,5.1,
,1976-01-01,1976-01,,,,5.2,
,1976-02-01,1976-02,,,,5.3,
,1976-03-01,1976-03,,,,5.3,
,1976-04-01,1976-04,,,,5.4,
,1976-05-01,1976-05,,,,5.4,
,1976-06-01,1976-06,,,,5.4,
,1976-07-01,1976-07,,,,5.4,
,1976-08-01,1976-08,,,,5.5,
,1976-09-01,1976-09,,,,5.5,
,1976-10-01,1976-10,,,,5.5,
,1976-11-01,1976-11,,,,5.5,
,1976-12-01,1976-12,,,,5.5,
,1977-01-01,1977-01,,,,5.5,
,1977-02-01,1977-02,,,,5.5,
,1977-03-01,1977-03,,,,5.5,
,1977-04-01,1977-04,,,,5.5,
,1977-05-01,1977-05,,,,5.5,
,1977-06-01,1977-06,,,,5.6,
,1977-07-01,1977-07,,,,5.6,
,1977-08-01,1977-08,,,,5.7,
,1977-09-01,1977-09,,,,5.7,
,1977-10-01,1977-10,,,,5.7,
,1977-11-01,1977-11,,,,5.7,
,1977-12-01,1977-12,,,,5.7,
,1978-01-01,1978-01,,,,5.6,
,1978-02-01,1978-02,,,,5.6,
,1978-03-01,1978-03,,,,5.6,
,1978-04-01,1978-04,,,,5.6,
,1978-05-01,1978-05,,,,5.6,
,1978-06-01,1978-06,,,,5.5,
,1978-07-01,1978-07,,,,5.5,
,1978-08-01,1978-08,,,,5.5,
,1978-09-01,1978-09,,,,5.5,
,1978-10-01,1978-10,,,,5.4,
,1978-11-01,1978-11,,,,5.4,
,1978-12-01,1978-12,,,,5.3,
,1979-01-01,1979-01,,,,5.3,
,1979-02-01,1979-02,,,,5.4,
,1979-03-01,1979-03,,,,5.3,
,1979-04-01,1979-04,,,,5.3,
,1979-05-01,1979-05,,,,5.3,
,1979-06-01,1979-06,,,,5.3,
,1979-07-01,1979-07,,,,5.3,
,1979-08-01,1979-08,,,,5.4,
,1979-09-01,1979-09,,,,5.4,
,1979-10-01,1979-10,,,,5.4,
,1979-11-01,1979-11,,,,5.5,
,1979-12-01,1979-12,,,,5.6,
,1980-01-01,1980-01,,,,5.7,
,1980-02-01,1980-02,,,,5.8,
,1980-03-01,1980-03,,,,6.0,
,1980-04-01,1980-04,,,,6.1,
,1980-05-01,1980-05,,,,6.3,
,1980-06-01,1980-06,,,,6.5,
,1980-07-01,1980-07,,,,6.8,
,1980-08-01,1980-08,,,,7.1,
,1980-09-01,1980-09,,,,7.4,
,1980-10-01,1980-10,,,,7.7,
,1980-11-01,1980-11,,,,8.0,
,1980-12-01,1980-12,,,,8.3,
,1981-01-01,1981-01,,,,8.6,
,1981-02-01,1981-02,,,,8.9,
,1981-03-01,1981-03,,,,9.1,
,1981-04-01,1981-04,,,,9.4,
,1981-05-01,1981-05,,,,9.6,
,1981-06-01,1981-06,,,,9.7,
,1981-07-01,1981-07,,,,9.8,
,1981-08-01,1981-08,,,,9.9,
,1981-09-01,1981-09,,,,10.0,
,1981-10-01,1981-10,,,,10.1,
,1981-11-01,1981-11,,,,10.2,
,1981-12-01,1981-12,,,,10.3,
,1982-01-01,1982-01,,,,10.4,
,1982-02-01,1982-02,,,,10.4,
,1982-03-01,1982-03,,,,10.5,
,1982-04-01,1982-04,,,,10.5,
,1982-05-01,1982-05,,,,10.6,
,1982-06-01,1982-06,,,,10.6,
,1982-07-01,1982-07,,,,10.7,
,1982-08-01,1982-08,,,,10.8,
,1982-09-01,1982-09,,,,10.9,
,1982-10-01,1982-10,,,,11.0,
,1982-11-01,1982-11,,,,11.1,
,1982-12-01,1982-12,,,,11.2,
,1983-01-01,1983-01,,,,11.2,
,1983-02-01,1983-02,,,,11.3,
,1983-03-01,1983-03,,,,11.3,
,1983-04-01,1983-04,,,,11.3,
,1983-05-01,1983-05,,,,11.4,
,1983-06-01,1983-06,,,,11.5,
,1983-07-01,1983-07,,,,11.5,
,1983-08-01,1983-08,,,,11.5,
,1983-09-01,1983-09,,,,11.6,
,1983-10-01,1983-10,,,,11.6,
,1983-11-01,1983-11,,,,11.7,
,1983-12-01,1983-12,,,,11.7,
,1984-01-01,1984-01,,,,11.8,
,1984-02-01,1984-02,,,,11.8,
,1984-03-01,1984-03,,,,11.9,
,1984-04-01,1984-04,,,,11.9,
,1984-05-01,1984-05,,,,11.9,
,1984-06-01,1984-06,,,,11.8,
,1984-07-01,1984-07,,,,11.8,
,1984-08-01,1984-08,,,,11.7,
,1984-09-01,1984-09,,,,11.7,
,1984-10-01,1984-10,,,,11.7,
,1984-11-01,1984-11,,,,11.6,
,1984-12-01,1984-12,,,,11.6,
,1985-01-01,1985-01,,,,11.5,
,1985-02-01,1985-02,,,,11.5,
,1985-03-01,1985-03,,,,11.4,
,1985-04-01,1985-04,,,,11.4,
,1985-05-01,1985-05,,,,11.4,
,1985-06-01,1985-06,,,,11.3,
,1985-07-01,1985-07,,,,11.3,
,1985-08-01,1985-08,,,,11.3,
,1985-09-01,1985-09,,,,11.3,
,1985-10-01,1985-10,,,,11.3,
,1985-11-01,1985-11,,,,11.3,
,1985-12-01,1985-12,,,,11.3,
,1986-01-01,1986-01,,,,11.3,
,1986-02-01,1986-02,,,,11.3,
,1986-03-01,1986-03,,,,11.3,
,1986-04-01,1986-04,,,,11.3,
,1986-05-01,1986-05,,,,11.3,
,1986-06-01,1986-06,,,,11.4,
,1986-07-01,1986-07,,,,11.4,
,1986-08-01,1986-08,,,,11.4,
,1986-09-01,1986-09,,,,11.3,
,1986-10-01,1986-10,,,,11.3,
,1986-11-01,1986-11,,,,11.3,
,1986-12-01,1986-12,,,,11.2,
,1987-01-01,1987-01,,,,11.2,
,1987-02-01,1987-02,,,,11.1,
,1987-03-01,1987-03,,,,11.0,
,1987-04-01,1987-04,,,,10.9,
,1987-05-01,1987-05,,,,10.7,
,1987-06-01,1987-06,,,,10.6,
,1987-07-01,1987-07,,,,10.4,
,1987-08-01,1987-08,,,,10.2,
,1987-09-01,1987-09,,,,10.0,
,1987-10-01,1987-10,,,,9.9,
,1987-11-01,1987-11,,,,9.7,
,1987-12-01,1987-12,,,,9.5,
,1988-01-01,1988-01,,,,9.4,-1.3
,1988-02-01,1988-02,,,,9.2,-4.1
,1988-03-01,1988-03,,,,9.0,-3.8
,1988-04-01,1988-04,,,,8.9,-1.9
,1988-05-01,1988-05,,,,8.7,-1.7
,1988-06-01,1988-06,,,,8.6,-0.8
,1988-07-01,1988-07,,,,8.5,-0.8
,1988-08-01,1988-08,,,,8.4,-1.4
,1988-09-01,1988-09,,,,8.3,-1.6
,1988-10-01,1988-10,,,,8.2,-1.0
,1988-11-01,1988-11,,,,8.0,-1.5
,1988-12-01,1988-12,,,,7.9,-0.6
4.9,1989-01-01,1989-01,,,,7.7,0.2
5.0,1989-02-01,1989-02,,,,7.6,3.2
5.0,1989-03-01,1989-03,,,,7.4,4.5
5.3,1989-04-01,1989-04,,,,7.3,8.7
5.3,1989-05-01,1989-05,,,,7.2,11.2
5.2,1989-06-01,1989-06,,,,7.2,10.3
5.2,1989-07-01,1989-07,,,,7.1,8.6
5.0,1989-08-01,1989-08,,,,7.1,6.0
5.2,1989-09-01,1989-09,,,,7.1,7.5
5.5,1989-10-01,1989-10,,,,7.0,8.7
5.5,1989-11-01,1989-11,,,,7.0,9.0
5.5,1989-12-01,1989-12,,,,7.0,8.3
5.7,1990-01-01,1990-01,,,,6.9,10.9
5.9,1990-02-01,1990-02,,,,6.9,7.8
6.0,1990-03-01,1990-03,,,,6.9,6.2
6.4,1990-04-01,1990-04,,,,6.9,7.1
6.8,1990-05-01,1990-05,,,,6.9,4.5
6.9,1990-06-01,1990-06,,,,6.9,3.8
6.8,1990-07-01,1990-07,,,,7.0,4.1
7.7,1990-08-01,1990-08,,,,7.1,17.0
8.1,1990-09-01,1990-09,,,,7.2,25.4
8.1,1990-10-01,1990-10,,,,7.3,29.4
7.8,1990-11-01,1990-11,,,,7.5,21.0
7.6,1990-12-01,1990-12,,,,7.6,14.5
7.1,1991-01-01,1991-01,,,,7.8,11.0
7.0,1991-02-01,1991-02,,,,8.0,8.7
6.9,1991-03-01,1991-03,,,,8.2,8.5
8.4,1991-04-01,1991-04,,,,8.5,11.4
8.2,1991-05-01,1991-05,,,,8.7,14.4
8.4,1991-06-01,1991-06,,,,8.8,14.4
8.3,1991-07-01,1991-07,,,,9.0,16.6
7.9,1991-08-01,1991-08,,,,9.2,6.4
7.1,1991-09-01,1991-09,,,,9.3,-2.9
6.8,1991-10-01,1991-10,,,,9.4,-6.2
7.1,1991-11-01,1991-11,,,,9.5,0.1
7.2,1991-12-01,1991-12,,,,9.5,4.6
7.0,1992-01-01,1992-01,,,,9.6,1.0
6.9,1992-02-01,1992-02,,,,9.7,5.3
7.1,1992-03-01,1992-03,,,,9.8,7.5
4.7,1992-04-01,1992-04,,,,9.8,1.3
4.3,1992-05-01,1992-05,,,,9.8,0.2
3.8,1992-06-01,1992-06,,,,9.9,0.5
3.6,1992-07-01,1992-07,,,,9.9,-0.5
3.0,1992-08-01,1992-08,,,,9.9,-1.4
3.0,1992-09-01,1992-09,,,,10.1,-1.2
2.9,1992-10-01,1992-10,,,,10.2,1.4
2.6,1992-11-01,1992-11,,,,10.4,3.9
2.6,1992-12-01,1992-12,,,,10.5,6.3
2.2,1993-01-01,1993-01,,,,10.7,8.0
2.4,1993-02-01,1993-02,,,,10.6,8.8
2.5,1993-03-01,1993-03,,,,10.6,8.5
2.5,1993-04-01,1993-04,,,,10.5,9.4
2.5,1993-05-01,1993-05,,,,10.4,7.8
2.4,1993-06-01,1993-06,,,,10.4,9.3
2.6,1993-07-01,1993-07,,,,10.3,8.2
2.9,1993-08-01,1993-08,,,,10.2,8.8
3.1,1993-09-01,1993-09,,,,10.3,10.4
2.6,1993-10-01,1993-10,,,,10.2,6.0
2.3,1993-11-01,1993-11,,,,10.3,3.2
2.4,1993-12-01,1993-12,,,,10.3,6.5
2.7,1994-01-01,1994-01,,,,10.1,8.6
2.5,1994-02-01,1994-02,,,,9.9,6.4
2.2,1994-03-01,1994-03,,,,9.8,4.8
2.0,1994-04-01,1994-04,,,,9.7,1.9
2.0,1994-05-01,1994-05,,,,9.7,2.7
2.0,1994-06-01,1994-06,,,,9.6,2.2
1.7,1994-07-01,1994-07,,,,9.5,3.0
1.9,1994-08-01,1994-08,,,,9.4,6.4
1.5,1994-09-01,1994-09,,,,9.3,5.3
1.5,1994-10-01,1994-10,,,,9.1,4.6
1.8,1994-11-01,1994-11,,,,9.0,3.7
2.0,1994-12-01,1994-12,,,,8.9,3.4
2.4,1995-01-01,1995-01,,,,8.9,5.6
2.4,1995-02-01,1995-02,,,,8.9,4.9
2.6,1995-03-01,1995-03,,,,8.8,6.4
2.3,1995-04-01,1995-04,,,,8.8,6.4
2.5,1995-05-01,1995-05,,,,8.7,6.2
2.6,1995-06-01,1995-06,,,,8.7,5.6
2.7,1995-07-01,1995-07,,,,8.6,6.2
2.6,1995-08-01,1995-08,,,,8.6,3.1
3.0,1995-09-01,1995-09,,,,8.6,2.7
2.9,1995-10-01,1995-10,,,,8.6,2.7
2.8,1995-11-01,1995-11,,,,8.3,2.6
3.0,1995-12-01,1995-12,,,,8.4,6.2
2.6,1996-01-01,1996-01,,,,8.3,5.4
2.7,1996-02-01,1996-02,,,,8.2,3.5
2.6,1996-03-01,1996-03,,,,8.3,2.1
2.5,1996-04-01,1996-04,,,,8.3,2.3
2.3,1996-05-01,1996-05,,,,8.3,1.8
2.3,1996-06-01,1996-06,,,,8.2,1.2
2.2,1996-07-01,1996-07,,,,8.1,0.6
2.3,1996-08-01,1996-08,,,,8.1,3.0
2.3,1996-09-01,1996-09,,,,8.1,8.0
2.5,1996-10-01,1996-10,,,,8.0,11.5
2.6,1996-11-01,1996-11,,,,7.8,13.7
2.3,1996-12-01,1996-12,,,,7.7,9.8
2.1,1997-01-01,1997-01,,,1.6587,7.5,8.2
1.9,1997-02-01,1997-02,,,1.6246,7.3,10.5
1.7,1997-03-01,1997-03,,,1.6063,7.2,10.0
1.6,1997-04-01,1997-04,,,1.6295,7.2,7.5
1.6,1997-05-01,1997-05,,,1.6334,7.2,8.0
1.7,1997-06-01,1997-06,1.0,,1.6446,7.3,9.3
2.0,1997-07-01,1997-07,0.6,,1.6702,7.1,14.0
2.0,1997-08-01,1997-08,0.9,,1.6034,6.8,14.1
1.8,1997-09-01,1997-09,0.8,,1.6015,6.7,11.2
1.9,1997-10-01,1997-10,1.0,,1.6329,6.6,8.5
1.9,1997-11-01,1997-11,1.0,,1.689,6.5,7.5
1.7,1997-12-01,1997-12,1.4,,1.6597,6.4,3.4
1.5,1998-01-01,1998-01,1.4,,1.6353,6.4,3.2
1.6,1998-02-01,1998-02,1.4,,1.6407,6.4,2.9
1.7,1998-03-01,1998-03,0.8,,1.662,6.3,3.3
1.8,1998-04-01,1998-04,0.9,,1.6733,6.3,10.0
2.0,1998-05-01,1998-05,0.5,,1.6366,6.3,10.0
1.7,1998-06-01,1998-06,0.6,,1.6507,6.3,8.8
1.4,1998-07-01,1998-07,0.2,,1.6437,6.3,5.3
1.3,1998-08-01,1998-08,0.3,,1.632,6.2,3.0
1.4,1998-09-01,1998-09,0.3,,1.6822,6.2,1.5
1.4,1998-10-01,1998-10,0.5,,1.6952,6.2,2.0
1.4,1998-11-01,1998-11,0.6,,1.662,6.1,1.4
1.6,1998-12-01,1998-12,0.8,,1.6705,6.2,0.4
1.6,1999-01-01,1999-01,0.8,,1.6509,6.2,0.3
1.4,1999-02-01,1999-02,0.7,,1.6276,6.2,0.8
1.7,1999-03-01,1999-03,0.6,,1.622,6.2,7.3
1.5,1999-04-01,1999-04,0.3,,1.6105,6.1,7.0
1.3,1999-05-01,1999-05,0.3,,1.6154,6.0,6.5
1.3,1999-06-01,1999-06,0.3,,1.595,6.0,6.7
1.3,1999-07-01,1999-07,1.1,,1.5747,5.9,7.7
1.2,1999-08-01,1999-08,1.4,,1.6073,5.9,10.8
1.2,1999-09-01,1999-09,1.8,,1.6243,5.8,11.3
1.1,1999-10-01,1999-10,1.7,,1.6572,5.8,12.5
1.2,1999-11-01,1999-11,1.8,,1.6214,5.8,13.1
1.1,1999-12-01,1999-12,1.7,,1.6132,5.9,18.2
0.8,2000-01-01,2000-01,1.7,,1.6402,5.8,18.9
0.9,2000-02-01,2000-02,1.4,,1.5998,5.8,19.3
0.6,2000-03-01,2000-03,1.2,,1.5802,5.7,16.9
0.6,2000-04-01,2000-04,0.5,,1.5837,5.6,13.2
0.5,2000-05-01,2000-05,0.4,,1.5075,5.5,12.7
0.8,2000-06-01,2000-06,0.8,,1.5089,5.3,18.4
0.9,2000-07-01,2000-07,1.2,,1.5088,5.3,17.8
0.6,2000-08-01,2000-08,1.3,,1.491,5.3,10.1
1.0,2000-09-01,2000-09,0.7,,1.4355,5.4,13.0
1.0,2000-10-01,2000-10,0.8,,1.4511,5.3,9.7
1.1,2000-11-01,2000-11,0.5,,1.4256,5.2,12.3
0.8,2000-12-01,2000-12,0.7,,1.4625,5.2,7.3
0.9,2001-01-01,2001-01,0.7,,1.4769,5.2,2.9
0.8,2001-02-01,2001-02,0.7,,1.4529,5.1,3.3
0.9,2001-03-01,2001-03,0.8,,1.4454,5.0,-3.2
1.2,2001-04-01,2001-04,0.6,,1.435,4.9,-4.2
1.7,2001-05-01,2001-05,0.6,,1.4259,5.0,-1.0
1.7,2001-06-01,2001-06,0.4,,1.4014,5.0,-4.7
1.4,2001-07-01,2001-07,0.5,,1.4139,5.1,-6.9
1.8,2001-08-01,2001-08,0.5,,1.4365,5.1,-4.2
1.3,2001-09-01,2001-09,0.4,,1.4635,5.1,-6.8
1.2,2001-10-01,2001-10,0.3,,1.4517,5.1,-6.6
0.8,2001-11-01,2001-11,0.1,,1.4358,5.2,-13.3
1.1,2001-12-01,2001-12,0.2,,1.4409,5.2,-13.2
1.6,2002-01-01,2002-01,0.2,,1.4323,5.1,-8.6
1.5,2002-02-01,2002-02,0.2,,1.4231,5.2,-8.9
1.5,2002-03-01,2002-03,0.2,,1.4225,5.2,-4.9
1.4,2002-04-01,2002-04,0.4,,1.4434,5.2,-1.1
0.8,2002-05-01,2002-05,0.9,,1.4593,5.2,-4.1
0.6,2002-06-01,2002-06,0.4,,1.4863,5.2,-6.0
1.1,2002-07-01,2002-07,0.1,,1.5546,5.2,-5.3
1.0,2002-08-01,2002-08,-0.4,,1.5377,5.3,-4.2
1.0,2002-09-01,2002-09,0.7,,1.5561,5.2,-2.6
1.4,2002-10-01,2002-10,1.0,,1.5574,5.2,-0.6
1.5,2002-11-01,2002-11,1.4,,1.5723,5.1,4.1
1.7,2002-12-01,2002-12,0.7,,1.5863,5.0,5.8
1.3,2003-01-01,2003-01,0.6,,1.6169,5.1,7.2
1.6,2003-02-01,2003-02,0.7,,1.6085,5.2,9.1
1.5,2003-03-01,2003-03,0.7,,1.5836,5.1,11.5
1.4,2003-04-01,2003-04,0.8,,1.5747,5.0,4.5
1.3,2003-05-01,2003-05,0.7,,1.623,4.9,0.9
1.1,2003-06-01,2003-06,1.0,,1.6606,5.1,0.9
1.3,2003-07-01,2003-07,0.9,,1.6242,5.1,1.9
1.4,2003-08-01,2003-08,1.1,,1.595,5.0,3.1
1.4,2003-09-01,2003-09,1.0,,1.6131,5.0,2.1
1.4,2003-10-01,2003-10,1.1,,1.6787,4.9,1.8
1.3,2003-11-01,2003-11,0.9,,1.6901,4.9,2.7
1.3,2003-12-01,2003-12,0.8,,1.7507,4.8,3.1
1.4,2004-01-01,2004-01,0.4,,1.8234,4.8,1.3
1.3,2004-02-01,2004-02,0.4,,1.8673,4.8,-0.4
1.1,2004-03-01,2004-03,0.2,,1.8267,4.8,-2.8
1.1,2004-04-01,2004-04,0.2,,1.8005,4.8,0.0
1.5,2004-05-01,2004-05,0.2,,1.7876,4.8,8.9
1.6,2004-06-01,2004-06,0.4,,1.8275,4.8,9.5
1.4,2004-07-01,2004-07,0.5,,1.8429,4.7,8.1
1.3,2004-08-01,2004-08,0.4,,1.8216,4.7,8.1
1.1,2004-09-01,2004-09,0.3,,1.7922,4.7,8.0
1.2,2004-10-01,2004-10,0.2,,1.8065,4.7,11.1
1.5,2004-11-01,2004-11,0.5,,1.8603,4.7,11.9
1.7,2004-12-01,2004-12,0.6,,1.9275,4.7,9.1
1.6,2005-01-01,2005-01,0.8,,1.8764,4.8,5.2
1.7,2005-02-01,2005-02,0.9,,1.8871,4.7,6.4
1.9,2005-03-01,2005-03,0.9,,1.9078,4.7,8.1
1.9,2005-04-01,2005-04,0.8,,1.896,4.8,11.4
1.9,2005-05-01,2005-05,0.6,,1.8538,4.8,5.5
2.0,2005-06-01,2005-06,0.9,,1.8179,4.7,6.6
2.3,2005-07-01,2005-07,0.9,,1.7509,4.7,11.3
2.4,2005-08-01,2005-08,1.2,,1.7943,4.7,13.7
2.5,2005-09-01,2005-09,1.0,,1.8081,4.9,18.4
2.3,2005-10-01,2005-10,0.9,,1.764,5.1,14.0
2.1,2005-11-01,2005-11,0.9,,1.7341,5.1,8.6
1.9,2005-12-01,2005-12,1.1,,1.7462,5.1,8.0
1.9,2006-01-01,2006-01,1.5,,1.7678,5.2,13.6
2.0,2006-02-01,2006-02,1.1,,1.747,5.2,12.9
1.8,2006-03-01,2006-03,0.5,,1.7435,5.3,10.1
2.0,2006-04-01,2006-04,0.0,,1.7685,5.4,9.6
2.2,2006-05-01,2006-05,0.1,,1.8702,5.5,13.8
2.5,2006-06-01,2006-06,0.2,,1.8428,5.5,12.4
2.4,2006-07-01,2006-07,0.3,,1.8447,5.5,10.7
2.5,2006-08-01,2006-08,0.1,,1.8944,5.5,7.6
2.4,2006-09-01,2006-09,0.1,,1.8847,5.5,-3.4
2.4,2006-10-01,2006-10,0.0,,1.8755,5.4,-7.6
2.7,2006-11-01,2006-11,0.1,,1.9119,5.5,-4.6
3.0,2006-12-01,2006-12,0.3,,1.9633,5.5,0.6
2.7,2007-01-01,2007-01,0.8,,1.9587,5.5,-2.6
2.8,2007-02-01,2007-02,1.2,,1.9581,5.5,-4.3
3.1,2007-03-01,2007-03,1.2,,1.9471,5.5,-1.7
2.8,2007-04-01,2007-04,1.1,,1.9909,5.4,-1.7
2.5,2007-05-01,2007-05,1.0,,1.9836,5.4,-2.0
2.4,2007-06-01,2007-06,1.0,,1.9864,5.3,0.3
1.9,2007-07-01,2007-07,0.9,,2.0338,5.3,-1.8
1.8,2007-08-01,2007-08,0.9,,2.0111,5.3,-2.4
1.8,2007-09-01,2007-09,0.9,,2.0185,5.2,2.9
2.1,2007-10-01,2007-10,0.9,,2.0446,5.2,11.7
2.1,2007-11-01,2007-11,0.8,,2.0701,5.2,17.4
2.1,2007-12-01,2007-12,0.8,,2.0185,5.2,17.0
2.2,2008-01-01,2008-01,0.9,,1.9698,5.2,20.2
2.5,2008-02-01,2008-02,1.0,,1.9638,5.2,21.4
2.5,2008-03-01,2008-03,0.5,,2.0032,5.3,22.3
3.0,2008-04-01,2008-04,0.3,,1.9817,5.2,20.3
3.3,2008-05-01,2008-05,-0.5,,1.9641,5.4,21.3
3.8,2008-06-01,2008-06,-0.4,,1.9658,5.5,26.8
4.4,2008-07-01,2008-07,-1.1,,1.988,5.7,29.3
4.7,2008-08-01,2008-08,-1.0,,1.8889,5.9,22.8
5.2,2008-09-01,2008-09,-1.6,,1.7986,6.0,22.2
4.5,2008-10-01,2008-10,-1.6,,1.69,6.2,13.0
4.1,2008-11-01,2008-11,-2.2,,1.5338,6.4,-3.1
3.1,2008-12-01,2008-12,-2.1,,1.4859,6.5,-11.0
3.0,2009-01-01,2009-01,-2.4,,1.4452,6.7,-14.9
3.2,2009-02-01,2009-02,-2.0,,1.4411,7.1,-11.7
2.9,2009-03-01,2009-03,-2.0,,1.4174,7.3,-15.1
2.3,2009-04-01,2009-04,-1.1,,1.4715,7.6,-13.0
2.2,2009-05-01,2009-05,-1.0,,1.5429,7.8,-14.1
1.8,2009-06-01,2009-06,-0.4,,1.6366,7.9,-15.8
1.8,2009-07-01,2009-07,-0.4,,1.6366,7.9,-17.2
1.6,2009-08-01,2009-08,0.1,,1.6539,7.8,-12.1
1.1,2009-09-01,2009-09,0.1,,1.6328,7.9,-8.2
1.5,2009-10-01,2009-10,0.1,,1.6199,7.8,-4.5
1.9,2009-11-01,2009-11,0.2,,1.6597,7.8,10.5
2.9,2009-12-01,2009-12,0.4,,1.6239,7.7,18.1
3.5,2010-01-01,2010-01,0.4,,1.6162,7.9,25.5
3.0,2010-02-01,2010-02,0.6,,1.5615,8.0,21.1
3.4,2010-03-01,2010-03,0.9,,1.5053,8.0,25.6
3.7,2010-04-01,2010-04,1.7,,1.534,7.9,25.5
3.4,2010-05-01,2010-05,1.7,,1.4627,7.9,23.3
3.2,2010-06-01,2010-06,1.2,,1.4761,7.8,15.4
3.1,2010-07-01,2010-07,0.8,,1.5299,7.8,14.8
3.1,2010-08-01,2010-08,0.5,,1.566,7.8,13.3
3.1,2010-09-01,2010-09,0.6,,1.5578,7.9,8.5
3.2,2010-10-01,2010-10,0.5,,1.5862,7.9,12.0
3.3,2010-11-01,2010-11,0.5,,1.5961,7.9,10.2
3.7,2010-12-01,2010-12,0.0,,1.5603,7.9,14.4
4.0,2011-01-01,2011-01,-0.5,,1.5795,7.8,15.8
4.4,2011-02-01,2011-02,-0.6,,1.613,7.8,16.7
4.0,2011-03-01,2011-03,0.1,,1.6159,7.7,16.7
4.5,2011-04-01,2011-04,0.2,,1.6345,7.8,13.2
4.5,2011-05-01,2011-05,0.3,,1.6312,7.9,13.9
4.2,2011-06-01,2011-06,0.0,,1.6214,8.0,16.5
4.4,2011-07-01,2011-07,0.5,,1.6145,8.2,15.6
4.5,2011-08-01,2011-08,0.4,,1.6348,8.3,17.7
5.2,2011-09-01,2011-09,0.3,,1.5783,8.4,18.8
5.0,2011-10-01,2011-10,-0.4,,1.576,8.5,16.2
4.8,2011-11-01,2011-11,-0.2,,1.5804,8.4,14.0
4.2,2011-12-01,2011-12,0.2,,1.5585,8.3,9.2
3.6,2012-01-01,2012-01,1.4,,1.551,8.3,4.9
3.4,2012-02-01,2012-02,1.4,,1.5802,8.2,5.6
3.5,2012-03-01,2012-03,1.0,,1.5823,8.2,4.5
3.0,2012-04-01,2012-04,-0.2,,1.6014,8.1,5.7
2.8,2012-05-01,2012-05,0.0,,1.5905,8.0,1.6
2.4,2012-06-01,2012-06,-0.1,,1.5571,8.0,-2.8
2.6,2012-07-01,2012-07,0.8,,1.5589,7.9,-1.8
2.5,2012-08-01,2012-08,0.7,,1.5719,7.8,-0.6
2.2,2012-09-01,2012-09,1.0,,1.6116,7.8,3.1
2.7,2012-10-01,2012-10,0.5,,1.6079,7.8,2.9
2.7,2012-11-01,2012-11,0.1,,1.5961,7.8,1.0
2.7,2012-12-01,2012-12,-0.1,,1.6144,7.8,0.3
2.7,2013-01-01,2013-01,-0.1,,1.5957,8.0,-0.4
2.8,2013-02-01,2013-02,0.1,,1.5478,7.8,0.7
2.8,2013-03-01,2013-03,0.2,,1.5076,7.8,1.5
2.4,2013-04-01,2013-04,0.6,,1.5316,7.7,-3.6
2.7,2013-05-01,2013-05,0.6,,1.5285,7.7,-3.7
2.9,2013-06-01,2013-06,0.7,,1.5478,7.7,1.8
2.8,2013-07-01,2013-07,0.6,,1.5172,7.7,1.8
2.7,2013-08-01,2013-08,0.7,,1.5507,7.6,1.8
2.7,2013-09-01,2013-09,0.7,,1.5865,7.4,-0.9
2.2,2013-10-01,2013-10,0.8,,1.6094,7.2,-4.2
2.1,2013-11-01,2013-11,0.8,,1.6104,7.2,-3.7
2.0,2013-12-01,2013-12,0.7,,1.6375,7.1,-1.7
1.9,2014-01-01,2014-01,0.4,,1.647,6.9,-1.4
1.7,2014-02-01,2014-02,0.4,,1.6567,6.7,-4.9
1.6,2014-03-01,2014-03,0.9,,1.6622,6.6,-7.9
1.8,2014-04-01,2014-04,1.2,,1.6743,6.4,-5.6
1.5,2014-05-01,2014-05,1.2,,1.6844,6.3,-2.5
1.9,2014-06-01,2014-06,1.0,,1.6906,6.1,-3.3
1.6,2014-07-01,2014-07,1.0,,1.7069,6.0,-2.4
1.5,2014-08-01,2014-08,0.9,,1.6709,6.0,-5.8
1.2,2014-09-01,2014-09,0.9,,1.6305,5.9,-7.0
1.3,2014-10-01,2014-10,0.7,,1.6068,5.9,-5.0
1.0,2014-11-01,2014-11,0.7,,1.578,5.7,-6.2
0.5,2014-12-01,2014-12,0.6,,1.564,5.6,-9.6
0.3,2015-01-01,2015-01,0.3,,1.5143,5.6,-17.0
0.0,2015-02-01,2015-02,0.2,,1.5334,5.5,-17.2
0.0,2015-03-01,2015-03,0.2,,1.4957,5.5,-14.3
-0.1,2015-04-01,2015-04,0.4,,1.4967,5.6,-13.3
0.1,2015-05-01,2015-05,0.5,,1.547,5.6,-11.9
0.0,2015-06-01,2015-06,0.4,,1.5568,5.5,-11.2
0.1,2015-07-01,2015-07,0.3,,1.556,5.4,-12.4
0.0,2015-08-01,2015-08,0.2,,1.5583,5.3,-13.2
-0.1,2015-09-01,2015-09,0.3,,1.5326,5.2,-15.8
-0.1,2015-10-01,2015-10,0.3,,1.5339,5.1,-15.0
0.1,2015-11-01,2015-11,0.4,0.5,1.519,5.1,-14.0
0.2,2015-12-01,2015-12,0.5,0.5,1.4983,5.1,-14.0
0.3,2016-01-01,2016-01,0.5,0.5,1.4379,5.1,-8.7
0.3,2016-02-01,2016-02,0.7,0.5,1.4296,5.1,-8.7
0.5,2016-03-01,2016-03,0.6,0.5,1.425,5.0,-10.6
0.3,2016-04-01,2016-04,0.9,0.5,1.4312,4.9,-8.5
0.3,2016-05-01,2016-05,0.7,0.5,1.4518,4.9,-7.7
0.5,2016-06-01,2016-06,0.8,0.5,1.4209,4.9,-5.6
0.6,2016-07-01,2016-07,0.4,0.5,1.3141,5.0,-4.2
0.6,2016-08-01,2016-08,0.5,0.25,1.31,4.8,-4.2
1.0,2016-09-01,2016-09,0.5,0.25,1.3142,4.8,1.7
0.9,2016-10-01,2016-10,0.7,0.25,1.2329,4.8,4.1
1.2,2016-11-01,2016-11,0.7,0.25,1.2431,4.7,9.0
1.6,2016-12-01,2016-12,0.7,0.25,1.2488,4.7,10.8
1.8,2017-01-01,2017-01,1.0,0.25,1.2351,4.6,18.1
2.3,2017-02-01,2017-02,1.1,0.25,1.249,4.6,21.3
2.3,2017-03-01,2017-03,1.0,0.25,1.2348,4.5,19.6
2.7,2017-04-01,2017-04,0.7,0.25,1.2652,4.4,13.1
2.9,2017-05-01,2017-05,0.7,0.25,1.2933,4.4,8.2
2.6,2017-06-01,2017-06,0.9,0.25,1.2813,4.3,5.2
2.6,2017-07-01,2017-07,0.8,0.25,1.2994,4.3,2.4
2.9,2017-08-01,2017-08,0.7,0.25,1.2955,4.3,6.5
3.0,2017-09-01,2017-09,0.6,0.25,1.3324,4.2,6.7
3.0,2017-10-01,2017-10,0.6,0.25,1.3197,4.3,4.7
3.1,2017-11-01,2017-11,0.7,0.5,1.3219,4.4,3.3
3.0,2017-12-01,2017-12,0.7,0.5,1.3402,4.3,5.6
3.0,2018-01-01,2018-01,0.5,0.5,1.3832,4.2,2.6
2.7,2018-02-01,2018-02,0.3,0.5,1.3961,4.2,1.8
2.5,2018-03-01,2018-03,0.1,0.5,1.397,4.2,0.6
2.4,2018-04-01,2018-04,-0.1,0.5,1.4083,4.2,4.0
2.4,2018-05-01,2018-05,-0.1,0.5,1.3459,4.0,9.0
2.4,2018-06-01,2018-06,0.2,0.5,1.3288,4.0,12.6
2.5,2018-07-01,2018-07,0.4,0.5,1.3169,4.0,13.4
2.7,2018-08-01,2018-08,0.5,0.75,1.288,4.1,12.5
2.4,2018-09-01,2018-09,0.3,0.75,1.3062,4.1,11.6
2.4,2018-10-01,2018-10,0.3,0.75,1.3012,4.0,12.7
2.3,2018-11-01,2018-11,0.3,0.75,1.2901,4.0,10.2
2.1,2018-12-01,2018-12,0.1,0.75,1.2661,3.9,4.2
1.8,2019-01-01,2019-01,0.0,0.75,1.2901,4.0,1.9
1.9,2019-02-01,2019-02,0.1,0.75,1.3017,3.8,0.3
1.9,2019-03-01,2019-03,0.5,0.75,1.3165,3.8,3.0
2.1,2019-04-01,2019-04,0.5,0.75,1.3036,3.8,3.6
2.0,2019-05-01,2019-05,0.3,0.75,1.2841,3.9,3.8
2.0,2019-06-01,2019-06,0.2,0.75,1.2679,3.9,0.7
2.1,2019-07-01,2019-07,0.6,0.75,1.2469,3.9,-0.1
1.7,2019-08-01,2019-08,0.8,0.75,1.2155,3.9,-0.1
1.7,2019-09-01,2019-09,0.7,0.75,1.2354,3.8,-1.9
1.5,2019-10-01,2019-10,0.3,0.75,1.2647,3.8,-2.8
1.5,2019-11-01,2019-11,0.1,0.75,1.2883,3.7,-3.5
1.3,2019-12-01,2019-12,0.0,0.75,1.3101,3.9,0.4
1.8,2020-01-01,2020-01,0.0,0.75,1.3071,3.9,4.3
1.7,2020-02-01,2020-02,0.1,0.75,1.2957,4.1,1.5
1.5,2020-03-01,2020-03,-2.5,0.1,1.2364,4.1,-3.0
0.8,2020-04-01,2020-04,-10.9,0.1,1.241,4.1,-13.2
0.5,2020-05-01,2020-05,-18.9,0.1,1.23,4.1,-18.7
0.6,2020-06-01,2020-06,-19.9,0.1,1.2526,4.4,-17.7
1.0,2020-07-01,2020-07,-6.9,0.1,1.2691,4.6,-12.7
0.2,2020-08-01,2020-08,8.7,0.1,1.3126,5.0,-12.6
0.5,2020-09-01,2020-09,17.1,0.1,1.2956,5.2,-12.2
0.7,2020-10-01,2020-10,12.3,0.1,1.2985,5.2,-11.9
0.3,2020-11-01,2020-11,5.4,0.1,1.3207,5.3,-11.6
0.6,2020-12-01,2020-12,1.5,0.1,1.3432,5.2,-9.6
0.7,2021-01-01,2021-01,-1.4,0.1,1.3633,5.0,-9.6
0.4,2021-02-01,2021-02,-1.4,0.1,1.387,4.9,-2.9
0.7,2021-03-01,2021-03,-1.1,0.1,1.3859,4.8,3.4
1.5,2021-04-01,2021-04,2.6,0.1,1.3842,4.8,14.7
2.1,2021-05-01,2021-05,5.3,0.1,1.4091,4.7,19.6
2.5,2021-06-01,2021-06,7.0,0.1,1.4027,4.6,20.6
2.0,2021-07-01,2021-07,5.1,0.1,1.3807,4.5,18.3
3.2,2021-08-01,2021-08,3.0,0.1,1.3799,4.4,18.6
3.1,2021-09-01,2021-09,1.6,0.1,1.3733,4.3,18.7
4.2,2021-10-01,2021-10,1.5,0.1,1.3696,4.2,21.6
5.1,2021-11-01,2021-11,1.4,0.1,1.3448,4.2,29.4
5.4,2021-12-01,2021-12,1.2,0.25,1.3301,4.1,28.0
5.5,2022-01-01,2022-01,0.9,0.25,1.3561,3.9,24.5
6.2,2022-02-01,2022-02,0.7,0.5,1.3538,3.8,22.4
7.0,2022-03-01,2022-03,0.9,0.75,1.3173,3.8,33.3
9.0,2022-04-01,2022-04,0.8,0.75,1.2917,3.7,34.3
9.1,2022-05-01,2022-05,0.8,1.0,1.2443,3.8,36.2
9.4,2022-06-01,2022-06,0.5,1.25,1.229,3.6,44.4
10.1,2022-07-01,2022-07,0.4,1.25,1.1989,3.6,46.8
9.9,2022-08-01,2022-08,0.1,1.75,1.1999,3.7,32.8
10.1,2022-09-01,2022-09,0.0,2.25,1.1326,3.8,30.2
11.1,2022-10-01,2022-10,0.0,2.25,1.1307,3.9,24.5
10.7,2022-11-01,2022-11,0.1,3.0,1.1744,3.9,21.1
10.5,2022-12-01,2022-12,0.4,3.5,1.2184,3.9,13.5
10.1,2023-01-01,2023-01,0.3,3.5,1.2233,4.0,10.3
10.4,2023-02-01,2023-02,0.2,4.0,1.2086,4.0,6.2
10.1,2023-03-01,2023-03,0.1,4.25,1.2135,3.9,-6.4
8.7,2023-04-01,2023-04,0.1,4.25,1.2452,4.0,-9.9
8.7,2023-05-01,2023-05,-0.1,4.5,1.2473,4.2,-14.2
7.9,2023-06-01,2023-06,0.0,5.0,1.2631,4.3,-23.4
6.8,2023-07-01,2023-07,0.0,5.0,1.2881,4.3,-26.0
6.7,2023-08-01,2023-08,0.2,5.25,1.2707,4.1,-15.9
6.7,2023-09-01,2023-09,-0.1,5.25,1.2389,4.0,-10.3
4.6,2023-10-01,2023-10,-0.3,5.25,1.2168,4.0,-7.1
3.9,2023-11-01,2023-11,-0.4,5.25,1.243,3.9,-11.2
4.0,2023-12-01,2023-12,-0.3,5.25,1.2653,4.1,-10.9
4.0,2024-01-01,2024-01,0.0,5.25,1.2701,4.2,-10.0
3.4,2024-02-01,2024-02,0.2,5.25,1.2622,4.3,-7.1
3.2,2024-03-01,2024-03,0.8,5.25,1.2716,4.4,-4.0
2.3,2024-04-01,2024-04,0.8,5.25,1.2512,4.4,0.4
2.0,2024-05-01,2024-05,1.0,5.25,1.2634,4.2,2.8
2.0,2024-06-01,2024-06,0.6,5.25,1.271,4.2,3.5
2.2,2024-07-01,2024-07,0.5,5.25,1.2863,4.1,2.5
2.2,2024-08-01,2024-08,0.2,5.0,1.2933,4.3,-3.2
1.7,2024-09-01,2024-09,0.2,5.0,1.3217,4.3,-11.6
2.3,2024-10-01,2024-10,0.2,5.0,1.3045,4.4,-14.2
2.6,2024-11-01,2024-11,0.1,4.75,1.275,4.4,-12.2
2.5,2024-12-01,2024-12,0.2,4.75,1.2647,4.4,-6.0
3.0,2025-01-01,2025-01,0.3,4.75,1.2348,4.4,-2.8
2.8,2025-02-01,2025-02,0.6,4.5,1.2545,4.5,-2.4
2.6,2025-03-01,2025-03,0.7,4.5,1.2911,4.6,-5.4
3.5,2025-04-01,2025-04,0.7,4.5,1.3131,4.7,-9.8
3.4,2025-05-01,2025-05,0.5,4.25,1.3366,4.7,-11.5
3.6,2025-06-01,2025-06,0.3,4.25,1.3566,4.7,-10.0
3.8,2025-07-01,2025-07,0.2,4.25,1.3492,4.8,-7.0
3.8,2025-08-01,2025-08,0.3,4.0,1.345,,-5.2
3.8,2025-09-01,2025-09,,4.0,,,-1.4
,2025-10-01,2025-10,,4.0,,,1.1
,2025-11-01,2025-11,,4.0,,,
