gdp_growth,unemployment_rate,interest_rate,exchange_rate_usd,oil_price,wage_growth,retail_sales_growth,cpi_inflation_lag_1,cpi_inflation_lag_2,cpi_inflation_lag_3,cpi_inflation_lag_6,cpi_inflation_lag_12,cpi_inflation_rolling_mean_3,cpi_inflation_rolling_std_3,cpi_inflation_rolling_mean_6,cpi_inflation_rolling_std_6,cpi_inflation_rolling_mean_12,cpi_inflation_rolling_std_12,year,month,quarter,month_sin,month_cos,cpi_inflation,date
0.36987785416978264,0.5949902649952644,-0.810788060421251,0.5404551186295454,-1.3189656768514533,-0.8836616532624175,0.35338266999480233,-1.8368397480412195,-2.0457873945522116,-1.7494842419597458,-0.7342650671460695,-1.2058109120830238,-1.819737252155914,0.30819124707377266,-1.915060191573148,-1.0402371937146626,-1.4533112945579982,-0.050725249627573625,-1.5653964994423202,-1.5458304042915,-1.2980664845305825,0.6666755814611871,1.2223435865981112,2.2881575437452595,2011-01-01
-1.887168144960732,-0.8626769345009553,-0.27119873435900743,-0.9454558442534402,0.7847417995049052,1.0431024311216448,-0.7618730264534105,-1.2325040444236637,-1.795366647387723,-2.0213294638097525,-1.3209412735215276,-1.106649489340892,-1.6858630548755034,-0.3932684837985499,-1.960892904969401,-1.2598743930623428,-1.4919749857048104,0.06511938568505793,-1.5653964994423202,-1.2580181368258154,-1.2980664845305825,1.1815566531864885,0.7015202102456609,1.9095488607343971,2011-02-01
-1.6899083816080673,-1.072785635092226,0.2890742367063038,0.1368497717216226,-0.25163217164091906,1.2873103403700226,-0.2031491144821141,-1.7089151147792552,-1.1948668575595525,-1.77024327589469,-1.982316203675525,-0.5475981931048899,-1.5266269924011457,-0.8268478600634972,-1.8215545927748633,-1.3316138859940738,-1.5525090773261674,-0.34846155708356813,-1.5653964994423202,-0.9702058693601306,-1.2980664845305825,1.3700162053657066,-0.009937752736569862,2.167034358126333,2011-03-01
-0.4723609108641417,0.4542247871006379,1.5332875221189806,0.7921852254870307,-0.39784433731814867,-0.8133589225053957,2.000464755031278,-1.3849158328874167,-1.6682539930669236,-1.1681477834924026,-1.6682501389127156,-0.10273324419993171,-1.3880215274002778,0.3052389978747822,-1.6404147127103983,-0.28569158764544034,-1.6025290695445111,-1.3553048338396558,-1.5653964994423202,-0.682393601894446,-0.40878336805659216,1.1815566531864885,-0.7213957157188003,2.6007748190720195,2011-04-01
-0.9441860544647143,-0.23973347050457852,0.8732787639802652,-1.6407867351773457,0.7825257540616323,-1.0893435665791087,1.5786572870155062,-0.8391313157115823,-1.3463112392036631,-1.6427928462854755,-1.9357526852525955,-0.840234917373287,-1.1632147983154333,-0.6502257838528593,-1.4516553424350722,-0.8450661380409417,-1.604729132081373,-1.3784059406405,-1.5653964994423202,-0.3945813344287613,-0.40878336805659216,0.6666755814611871,-1.242219092071251,2.4165885154924918,2011-05-01
0.4455773202692196,0.6818247453619032,-0.21402477654967614,0.5831116637777153,0.49259544391968235,0.28606946163432745,0.26539390999212914,-1.0708967188062735,-0.8039909925366463,-1.3199945969003848,-1.6886775512444927,-1.0514890212202173,-0.9492310200385805,-1.3381202415614872,-1.2552447252652146,-1.0667998421608265,-1.5583618534328272,-0.885149264341418,-1.5653964994423202,-0.10676906696307661,-0.40878336805659216,-0.036665042443332074,-1.4328536787010313,2.649663421335468,2011-06-01
-0.8344284195834119,0.44514667449584555,-0.06344928735514223,-0.6289398665975933,-0.38278272903525895,-0.7938178250937796,-0.13972645851275356,-0.7776137848739438,-1.0342853058044224,-0.7762332476247392,-1.0962004193630155,-0.6521721711747267,-1.1930091965690282,-0.039815841336243975,-1.3105929005909804,-0.832366122195594,-1.6230911517949131,-1.2995644032675282,-1.5653964994423202,0.18104320050260808,0.4804997484173981,-0.7400056663478513,-1.2422190920712513,2.0509460707568103,2011-07-01
-1.3625278345304108,-0.09165526200976465,-1.1143330120841608,0.6104871829486247,1.2699559564738663,0.45646100132288275,-0.056298219269760336,-1.5309921056280371,-0.7428639333249875,-1.007139519855217,-1.5632631179115875,-1.2608956477064854,-1.5250774173457946,1.3619725921375467,-1.3670403170503138,-0.15705838769238215,-1.676566731603215,-1.0072592931161246,-1.5653964994423202,0.46885546796829275,0.4804997484173981,-1.2548867380731528,-0.7213957157188012,1.667626254868874,2011-08-01
1.6513655253973447,-0.852488929714966,-0.06291175506156696,-0.730081583726483,-1.1656121653586315,0.0028233281681584576,0.445613298519204,-2.013331291098965,-1.4914603186880295,-0.7149437560402727,-1.2456215089220002,-1.9471250232960593,-1.6508618227722651,0.30804526790820413,-1.3206245283809062,-0.16614978054311683,-1.5794480805075,-1.3421173717074124,-1.5653964994423202,0.7566677354339775,0.4804997484173981,-1.443346290252371,-0.009937752736570212,2.3659633659099955,2011-09-01
-0.1199544801236043,-1.5092081966754605,-0.3515622020753266,-1.7769451693564533,0.6792232122524318,-1.810284138578616,-1.2186325575798131,-1.134599382748656,-1.9707379416505144,-1.4655293797000348,-0.7105466433696389,-1.6212563674250626,-1.757906437741992,0.4487218139421034,-1.5052484777859283,-0.08186751092041367,-1.5812696721337687,-1.3250538505165215,-1.5653964994423202,1.0444800028996621,1.3697828648913883,-1.254886738073153,0.7015202102456609,1.8095126188360755,2011-10-01
0.1872043453671124,-0.4590013195394465,0.3016942835864266,-1.5987132704708267,0.6543996169289994,1.4212899644531936,-0.44014924228637753,-1.8347927695074298,-1.0975836283756524,-1.9460805826864143,-0.9377642319928575,-1.8988116495714453,-1.618320320040588,-0.16324677157842765,-1.6065440803538136,-0.2516949390214795,-1.5355405975131378,-1.8297869035348056,-1.5653964994423202,1.3322922703653468,1.3697828648913883,-0.7400056663478524,1.2223435865981107,1.9824553403524807,2011-11-01
-1.375560138131546,0.8218071066818347,-0.9270266639912039,0.08534457585730841,-0.32688350091396595,1.6833104416586158,-1.8754491075628303,-1.6171753963066262,-1.7933326616874483,-1.0706060444774306,-0.6502362397099873,-1.6424514411574194,-1.8977390689375773,-1.3110934713084963,-1.819786231306062,-1.2800749262320843,-1.5443407039399397,-1.7179232888337506,-1.5653964994423202,1.6201045378310315,1.3697828648913883,-0.036665042443332595,1.4129781732278914,1.735749196830573,2011-12-01
-0.45361036769102714,0.19039944614322166,0.5117912356897002,0.29804692750426753,0.36417406879185743,-0.8577115384657641,0.2276599772898858,-1.927610796160359,-1.5770965762008637,-1.7682038853029025,-1.3888314013563365,-1.027709040553485,-1.6945375325987975,-0.29763813314000787,-1.7691827043519879,-0.9649526482284707,-1.5468213697644841,-1.7299495959279876,-1.230725523699484,-1.5458304042915,-1.2980664845305825,0.6666755814611871,1.2223435865981112,2.267822907193343,2012-01-01
0.23264847629958324,-1.2446654622653557,1.5946009279948892,-0.8718487444365034,-1.3504765801469338,-0.6202559261755892,0.4798662203676903,-1.2580915346205341,-1.8855615423637122,-1.5513931976531319,-1.8617058906364061,-1.5123239380542695,-1.3620432444575183,1.3892305408847043,-1.5207457410899872,-0.10697534027922488,-1.4464426124545198,-1.2345069325080076,-1.230725523699484,-1.2580181368258154,-1.2980664845305825,1.1815566531864885,0.7015202102456609,2.7323785733201458,2012-02-01
-1.0888746538463778,0.1501807574254144,-0.15934068024153586,0.6788230653276542,1.0141544401455969,0.09032336060071003,-0.6698142252037633,-0.6735316128057584,-1.2202919356965456,-1.8606778449363883,-1.000216891003183,-1.1827453691365788,-0.9989084366266017,-0.5288501840188703,-1.476689340526862,0.16666171719386907,-1.399140631291932,-1.0307932083881828,-1.230725523699484,-0.9702058693601306,-1.2980664845305825,1.3700162053657066,-0.009937752736569862,2.554780496929001,2012-03-01
0.5099306463439909,0.3587180902979235,0.3860984702420842,-1.6328618439987324,-0.19138063472279854,0.14158484514543324,1.422479344144345,-0.897006914517663,-0.6394424044004646,-1.1936404234559235,-1.6866707395279867,-0.6275624099092384,-0.6309474730482584,-0.22094891247070347,-1.176109449363515,1.0722920729854384,-1.3385148653049386,-0.03883928550252889,-1.230725523699484,-0.682393601894446,-0.40878336805659216,1.1815566531864885,-0.7213957157188003,3.097739345623462,2012-04-01
-0.5125235993404131,-0.8889238223722895,0.6942883259103966,-0.029394558203468847,-0.5586312590767564,0.48348085425640663,-1.4250708399778174,-0.21379066018218998,-0.8614992362349612,-0.611247406037176,-1.4733235612133548,-0.8633188271166067,-0.6205563913960159,-0.23784759572831668,-0.9956626463100996,0.795623408891866,-1.29713188755097,0.2658720234850476,-1.230725523699484,-0.3945813344287613,-0.40878336805659216,0.6666755814611871,-1.242219092071251,2.755815106892626,2012-05-01
-0.1889855585803069,0.13105502623772822,-0.47183451107218116,-1.180091394283609,1.1500246470557929,1.9094145151971809,-1.6677536265026884,-0.6440409419740761,-0.18261957600678613,-0.8338943074506477,-1.7776674453142582,-0.5649855435086912,-0.5635080706067122,-0.6241801221652375,-0.7745371363411024,-1.1335661889806077,-1.293010195538525,0.3020012632653778,-1.230725523699484,-0.10676906696307661,-0.40878336805659216,-0.036665042443332074,-1.4328536787010313,2.683449958894352,2012-06-01
-0.51364196525996,0.037159176040023605,0.19631232702710982,-0.6180979403319192,-0.7560740685828125,-0.3979206956767265,0.049904953545684486,-0.7350994917678468,-0.6101389203760889,-0.1532106665388961,-1.1212858192709465,-1.331337084036601,-0.891305259002431,-0.6939340851767833,-0.7534005540639855,-1.387527869985118,-1.2555019919210137,0.19455098004161125,-1.230725523699484,0.18104320050260808,0.4804997484173981,-0.7400056663478513,-1.2422190920712513,2.358410172019805,2012-07-01
2.056257489540022,-1.143640558178295,-0.02967549165105681,0.08465484770527969,-1.5215318675094451,-1.053413741344489,0.8865957713235902,-1.144103721521905,-0.7006194921607755,-0.5818660541339428,-0.5481964190973407,-1.821982179149811,-0.8439733652909502,-0.37526520745354436,-0.7230232697447769,-1.297752742060219,-1.1097282862240017,-0.24830110518860177,-1.230725523699484,0.46885546796829275,0.4804997484173981,-1.2548867380731528,-0.7213957157188012,2.8625696828975915,2012-08-01
0.10235165712584564,0.3316551470337725,0.06123643221171923,-0.827724597348683,-1.6826075971676713,-1.666362738047323,1.534297198932835,-0.5097094696596289,-1.1070276400427232,-0.672587059110697,-0.7672865787752253,-0.928118454744744,-1.0859039171271898,0.4662214624608491,-0.8203193648038685,-0.398192864808836,-1.137563834888327,-0.12274678245458118,-1.230725523699484,0.7566677354339775,0.4804997484173981,-1.443346290252371,-0.009937752736570212,2.137788430087599,2012-09-01
-0.9911857733958003,0.5312082498064483,-0.8690913594442762,-0.3494726275644617,0.6684328692406701,-0.9823447256403341,-0.6450971352879425,-1.4217165839152959,-0.47666009327838954,-1.0800751516299327,-0.09747672905029182,-1.6403692135307641,-1.3443489564354598,1.7870975739100974,-1.12883511124064,0.2819089967622357,-1.1417129737545006,-0.05635333971209847,-1.230725523699484,1.0444800028996621,1.3697828648913883,-1.254886738073153,0.7015202102456609,1.7755010925707149,2012-10-01
0.9778844780762891,1.0446141552046568,-0.016941351699419287,1.0483733997055202,-1.3823462412237622,-0.24619755389880457,0.9187174834451812,-1.8775901705169649,-1.3828784039855493,-0.4480325349754004,-0.5192844286803836,-1.4190044561388298,-1.5385634402611696,0.13038571721022227,-1.2061335209869588,-0.01663835120908316,-1.087783435864983,-0.37795883853700574,-1.230725523699484,1.3322922703653468,1.3697828648913883,-0.7400056663478524,1.2223435865981107,2.4245292148525097,2012-11-01
-1.162024114103541,1.0158612077616418,0.48898066122563855,-0.5427766405757927,1.9172950498720958,1.6819181088734247,-0.21754462865741298,-1.0609047739533617,-1.8358584137778484,-1.3566589312732666,-0.6085561829258376,-1.7347855721579069,-1.5941174001059422,0.15345745923273404,-1.3626876752895172,-0.11850793269867317,-1.054023303880929,-0.9356557812859408,-1.230725523699484,1.6201045378310315,1.3697828648913883,-0.036665042443332595,1.4129781732278914,2.012489419978753,2012-12-01
0.33521575236601964,-1.374357708470902,1.50741635128669,0.8769143717179732,-2.253670098438297,-0.75730417307151,-0.35395315418541584,-1.5793828979727014,-1.0243567830508746,-1.8108426406836056,-1.009534730977053,-1.053737148862982,-1.1800688379478383,0.31271100201687263,-1.280799788795528,0.2928584115365639,-1.0001585580133208,-0.9384288513968786,-0.8960545479566479,-1.5458304042915,-1.2980664845305825,0.6666755814611871,1.2223435865981112,2.709365665327774,2013-01-01
-1.9357492630993827,-0.9419758081782117,0.9818503256607951,-1.098372963404166,1.8538750556900223,0.0248347817039084,0.7203671639884748,-0.7024892268822589,-1.5395439590532176,-0.9971846141293796,-0.38758887443484796,-0.45911107020807157,-1.2234126163048251,0.30275403612067897,-1.4058171640647201,-0.5858443535287359,-1.0496396619560555,-0.9938681946869122,-0.8960545479566479,-1.2580181368258154,-1.2980664845305825,1.1815566531864885,0.7015202102456609,2.326769621518702,2013-02-01
-1.274436861259563,0.4862351755816235,2.257544802789713,0.5694874459267152,0.23903006066833554,-0.2285755922394667,0.48508068687997025,-1.1839176751032028,-0.6682162151529537,-1.513740792280973,-1.2817001375543409,-0.6864346299906711,-0.9109680282418902,-0.610339252644988,-1.2706259407580363,-0.11781734312869102,-1.0298267818021964,-0.9033921442273009,-0.8960545479566479,-0.9702058693601306,-1.2980664845305825,1.3700162053657066,-0.009937752736569862,2.717191617761612,2013-03-01
0.3226464584404946,0.48500705526748705,-0.8630412768198295,1.48583918257553,-0.09550889954564062,1.042444925609078,-1.7816832776062674,-0.6926416704397936,-1.1465888816087648,-0.6400976771726038,-1.7286283489333665,0.008546649135621191,-0.6669846775174979,1.1701100947116998,-0.9243301654140149,0.35323853353662193,-1.0100740795535565,-0.5195417840853246,-0.8960545479566479,-0.682393601894446,-0.40878336805659216,1.1815566531864885,-0.7213957157188003,3.2596571731559467,2013-04-01
0.8898346824412625,0.4862473839757896,0.8889440556840748,-2.447062201823705,-0.582760966822522,2.4545364709550217,1.3233693120283754,-0.01004613718034981,-0.658431164330003,-1.119741518919699,-0.927968353985098,-0.4291125682596223,-0.20306513296560574,0.3141481651214914,-0.7029980260541127,1.293645627961049,-0.9347682775965825,0.5090898982754146,-0.8960545479566479,-0.3945813344287613,-0.40878336805659216,0.6666755814611871,-1.242219092071251,3.373115550142339,2013-05-01
0.29594933691868547,3.767303825751062,0.15277044679314164,-0.7638869135044362,0.44353692769407377,-0.7712901418424108,1.2252737259548956,0.13272086539086334,0.019831714739180082,-0.6302866246240064,-1.436272645827278,-0.5217391517307851,-0.060855709413004534,-0.9928722332306258,-0.46373187439288266,0.030760948917767802,-0.891523592415768,0.8021928359112004,-0.8960545479566479,-0.10676906696307661,-0.40878336805659216,-0.036665042443332074,-1.4328536787010313,3.037937430464777,2013-06-01
-0.004624534296238531,0.541142775337776,2.2966737779822193,0.6169932109758065,-0.031283791574427816,-0.7275842800570933,-0.8146211311180798,-0.2890406364465907,0.16169252906013107,0.04977859616184653,-0.576585812660348,-0.9377864588005123,-0.3002143147618277,0.1409129808791699,-0.4612980565882335,0.021021221868785835,-0.8474372969235697,0.7429663483435491,-0.8960545479566479,0.18104320050260808,0.4804997484173981,-0.7400056663478513,-1.2422190920712513,2.7197965332476,2013-07-01
-0.19883998579721973,1.0962375895023466,-0.906797120309946,-0.1670492505641613,1.2090470841509369,0.8902869949854397,0.22418200842622918,-0.6893638518620573,-0.25739191638127396,0.19201637592127513,-1.04856743562367,-0.29246789995205,-0.7174227810778472,-0.030819582909181967,-0.43671589159263463,-0.26695831844110113,-0.8999482891381116,0.6799034424767856,-0.8960545479566479,0.46885546796829275,0.4804997484173981,-1.2548867380731528,-0.7213957157188012,2.432123981143573,2013-08-01
-1.4318739629610584,0.9177541374681227,-0.940373188118503,0.410030895432928,0.13380826128978796,0.508110994964377,0.32408560017552807,-1.0513481237755258,-0.6551741511248538,-0.22818169876645258,-0.566931489802791,-1.2201798312997192,-1.215810721643365,0.7341438955444121,-0.6241583442991764,1.5630231858039414,-0.9272670341553417,1.014336457373672,-0.8960545479566479,0.7566677354339775,0.4804997484173981,-1.443346290252371,-0.009937752736570212,1.9138498626742,2013-09-01
-0.6373598238139908,0.6202777350995784,-0.6835814617462324,-0.5700062703981644,0.173025021038049,1.7369331710471996,0.08674528686661026,-1.7035030758332699,-1.0148607920165877,-0.6270209565875926,0.10226981893966752,-1.6839035883471498,-1.4939669239627074,-0.3193613997195838,-0.8965056090213691,1.6281351025985507,-0.8886042021170361,0.44881931024763766,-0.8960545479566479,1.0444800028996621,1.3697828648913883,-1.254886738073153,0.7015202102456609,2.0924299710145213,2013-10-01
-0.36591074506233334,-0.32998233540242783,-1.5390303523275948,0.1240431432645707,-0.38565928947411054,0.4047646315008933,-0.7380787762673305,-1.4787920631801632,-1.6628763060791254,-0.9876633894853665,0.24223537732778633,-0.8531548203753001,-1.5724351884373753,-0.9912040057213095,-1.1573603706958269,0.24815390035604235,-0.9092679923058005,0.5651322769942942,-0.8960545479566479,1.3322922703653468,1.3697828648913883,-0.7400056663478524,1.2223435865981107,2.255142972209065,2013-11-01
1.2235421172172094,0.726030529398357,-0.6048996669877195,-0.11944277999349483,-0.05227701087252804,-0.5902853637753277,-0.861468151568034,-1.2740469568518986,-1.439591606759656,-1.6374008692194548,-0.1712501133537544,-1.3805611687216766,-1.1301289856973928,0.9167141688173875,-1.186873937595434,-0.10551234500706869,-0.7996021060554132,0.17850456663021128,-0.8960545479566479,1.6201045378310315,1.3697828648913883,-0.036665042443332595,1.4129781732278914,2.911448045111184,2013-12-01
0.4763356226077964,-0.7797753806717317,-0.8542636554393666,1.210675141242293,0.34424586258751805,0.41186090435413364,-0.20436907087815243,-0.4482048240867278,-1.2361460837126248,-1.413522837520024,-0.5637179901896786,-0.48856733613211106,-0.7430966242094769,0.6395502538723952,-1.1295767864730797,0.40177078238136393,-0.7683726952168354,0.3170986286789819,-0.5613835722138117,-1.5458304042915,-1.2980664845305825,0.6666755814611871,1.2223435865981112,2.965360935972334,2014-01-01
-1.7298314230374074,-0.25286269617569446,0.1175652773002076,0.29271859523686417,-1.8495226007901746,0.9583763039761445,1.014371272814594,-0.3803651278682773,-0.4155458375445333,-1.2095367005538578,-0.9185992290866922,-0.978286011045384,-0.5896084209581302,-0.8042345917306521,-1.0900968047938775,0.45744237278998184,-0.7348787952576121,0.14045705166018643,-0.5613835722138117,-1.2580181368258154,-1.2980664845305825,1.1815566531864885,0.7015202102456609,2.6013274743492625,2014-02-01
0.4558785933585042,-0.49719080747507105,0.32203576037178705,0.37631892062559147,-1.456004975898767,0.6543172105065235,0.3745018337922331,-0.8384358982423493,-0.34813674177651843,-0.38675588089130053,-1.5579572766495966,-0.4785502041783206,-0.3603884709855649,0.778484793544162,-0.7366995528297385,1.0101770598937805,-0.648111901973447,0.8655822237656166,-0.5613835722138117,-0.9702058693601306,-1.2980664845305825,1.3700162053657066,-0.009937752736569862,3.4284414855250294,2014-03-01
-0.28678532256079753,0.060423087894826207,1.9615579120864632,-0.3769315097333334,0.8176440991241835,0.32389835060677186,-0.5553202481272558,0.20233862450954562,-0.8032999891065702,-0.31916765955245624,-1.3376556537569864,0.21579966501786244,-0.21173410232993803,1.0013471472188664,-0.4547891349231708,0.4444623671836434,-0.6431119556294985,0.9249664799092789,-0.5613835722138117,-0.682393601894446,-0.40878336805659216,1.1815566531864885,-0.7213957157188003,3.3006429805457635,2014-04-01
-0.5924101732241827,2.2553259479863716,0.9723973198393362,-0.45304177877266205,0.1953801312476498,0.9140379358940434,0.6064945197132021,0.041527144796943194,0.2308684017891943,-0.7755404079975973,-1.1369281563776403,0.3610251239180969,0.03776871142984803,-1.2706028570853896,-0.24271114301965896,-0.8726864135390214,-0.6686141333091726,0.6197667618838198,-0.5613835722138117,-0.3945813344287613,-0.40878336805659216,0.6666755814611871,-1.242219092071251,3.164067838327377,2014-05-01
0.7570554164307025,-1.8556470181984586,-0.6595519780679927,-0.39771678335203287,-0.1903817920735482,1.0222978296839909,-3.075552068634676,-0.13032815754529573,0.07107764444799657,0.26137606906135324,-0.3272911031989459,-0.06799913622383737,0.01877345631629148,-1.419007016525241,-0.13207832677255305,-0.7321700508520352,-0.6262021917268099,1.0627111304454226,-0.5613835722138117,-0.10676906696307661,-0.40878336805659216,-0.036665042443332074,-1.4328536787010313,3.3855986950354944,2014-06-01
1.196185500279412,0.6545550854585962,-1.0030864711164282,0.43345442357043307,0.02966934176066272,1.246858021102124,0.9899988488571075,0.14842866261478863,-0.09968683681568043,0.10116070120883056,-0.2607825907899984,-0.4752159413684951,0.009337081224977041,-1.4260252858011098,-0.05881348645195688,-0.8196651312034744,-0.5579398791623233,1.3743941704335474,-0.5613835722138117,0.18104320050260808,0.4804997484173981,-0.7400056663478513,-1.2422190920712513,3.2793597369883067,2014-07-01
1.0917558229972952,-1.605416397296712,0.48248512229910057,-0.38608484640522295,0.3874912840338041,0.47310607216319617,-1.9477931485515645,0.014746002950928429,0.17730062382462622,-0.07005755094192402,-0.7098648717232426,-0.843433604109427,-0.05568765790310542,-0.8547909414398589,0.0382699173129398,-2.29140220881913,-0.4865398308096392,1.2061455874770703,-0.5613835722138117,0.46885546796829275,0.4804997484173981,-1.2548867380731528,-0.7213957157188012,3.017407987830667,2014-08-01
-0.7623717705472024,-0.4839870082347964,-1.4537995407804423,0.3282504829007636,-0.5771520913870917,-0.3875514393111377,-0.5470073201963294,-0.3148732551317768,0.04446649115418494,0.20766594593258078,0.31048706261420606,-1.5068187034737184,-0.5276068147718352,1.3638875594139424,-0.2200786271828309,0.026022109573007286,-0.4368450880567977,0.34619384082005294,-0.5613835722138117,0.7566677354339775,0.4804997484173981,-1.443346290252371,-0.009937752736570212,2.3212100650930854,2014-09-01
-0.2073316818386817,1.0504134201729642,1.9137830654840002,2.122860314147273,-0.8364783227612516,-0.05647469517118002,-1.3171637900768722,-1.1909133789691764,-0.2830605670969403,0.0744788343418746,0.15283110466995448,-1.2782381537335508,-0.9036614803041113,0.48614144888677574,-0.42294708414892673,0.5810561479117079,-0.395519224504955,-0.3317243427966708,-0.5613835722138117,1.0444800028996621,1.3697828648913883,-1.254886738073153,0.7015202102456609,2.4311883830530188,2014-10-01
0.46339717926279184,0.04312747060403261,1.2171011983447866,0.912525232495827,0.2225361000193121,1.0615560714893746,-1.4951631929133065,-1.0525254060401557,-1.1535401814841002,-0.25391855855182205,-0.015651968596868824,-1.0699673244201184,-1.0407187897756023,-0.7825439528091082,-0.5292947526021955,0.5003396432435867,-0.34023976447880766,-1.0506102445012175,-0.5613835722138117,1.3322922703653468,1.3697828648913883,-0.7400056663478524,1.2223435865981107,2.7082824951935205,2014-11-01
1.1381117010340893,-1.0795216587302627,-0.5444446153844605,-0.29064612766147085,-1.053975584037321,-1.073076344682752,1.0022658443968935,-0.7038522020758892,-1.0160306016906593,-1.1267112904203245,0.25763494844645146,-0.2299041407012702,-0.6942980027680016,0.21843166539282424,-0.5953395058195537,-0.040519894344262876,-0.31692758716331776,-1.022929741368151,-0.5613835722138117,1.6201045378310315,1.3697828648913883,-0.036665042443332595,1.4129781732278914,3.1025437776576656,2014-12-01
-0.3853217399090936,-0.7232297890294701,-1.5390303523275948,1.2442752050265462,0.45344777805937897,0.1776815532188294,-0.6540645977145643,-0.20774514482405454,-0.6695705391030639,-0.9888363076839367,0.12657547553128762,-0.1608962408536657,-0.47132505556860704,-0.7943987136256462,-0.6759002678483502,-0.6523885774047566,-0.32074214668854345,-1.0201370626534887,-0.2267125964709756,-1.5458304042915,-1.2980664845305825,0.6666755814611871,1.2223435865981112,2.9340920400236565,2015-01-01
-0.07794220329244028,0.6480056794376754,1.4034820463862612,-0.37311078995446395,-1.841277052886853,-0.6262029441813156,0.17404070629672,-0.4197114209043501,-0.17661243348611072,-0.6414555999553031,-0.19657583171851373,-0.6268550173095638,-0.21335924916855406,-0.9375927631215257,-0.6122709804690418,-0.08648068647456189,-0.23671600834062337,-1.1624918549536483,-0.2267125964709756,-1.2580181368258154,-1.2980664845305825,1.1815566531864885,0.7015202102456609,3.290110690234387,2015-02-01
-1.0421065888102152,-0.7380371529552131,-0.1655162857786244,-2.0113610995100557,1.1284414853268696,-0.18092591832625038,-0.22610035072218812,0.028274147901478856,-0.3872332911897756,-0.14718756129359412,-1.055425866355453,0.431841705015494,-0.16355054655620585,-0.8683164755462923,-0.403751308951821,-0.5931107555021298,-0.2627682618671337,-1.4083849380453815,-0.2267125964709756,-0.9702058693601306,-1.2980664845305825,1.3700162053657066,-0.009937752736569862,3.2148846647802305,2015-03-01
-1.1362233514062086,0.1927241694717845,1.279476153756899,-0.9761405190973005,0.5233979858997428,1.1374522118039325,0.30680619644539314,-0.0663843026660254,0.05790876860187233,-0.3583680998672501,-0.9197534101410093,0.26826104199751594,-0.013344177264071796,-1.9441252636286546,-0.20736201807275775,-1.5549571333011813,-0.2661557933814909,-1.4384748517776347,-0.2267125964709756,-0.682393601894446,-0.40878336805659216,1.1815566531864885,-0.7213957157188003,3.2728745397219066,2015-04-01
0.9673921338633376,0.024736695608908333,-1.5390303523275948,-1.8431865969873082,0.28796363458105717,-0.009650347925311328,-0.10024533234600795,0.006585546231914874,-0.036148854224295084,0.08795683182991605,-0.5779220428858894,0.09344638106323534,0.22446250388318698,0.22009586809157297,0.05354313653801674,-0.8469022442221049,-0.18534780851037488,-0.3539907510750883,-0.2267125964709756,-0.3945813344287613,-0.40878336805659216,0.6666755814611871,-1.242219092071251,3.8264710474128742,2015-05-01
1.5367888326030752,-0.660607222791839,-0.6835626321168926,-0.3162643252697102,1.0779289984777691,-0.16226203721201032,-1.483274380873867,0.7031873850402568,0.03635783148814835,-0.006350729453185696,-0.09154984176116979,0.37700341035034524,0.49476458767939674,0.08550500944244956,0.22200459077014742,-0.299845697900491,-0.13180082458934078,0.35587570461533774,-0.2267125964709756,-0.10676906696307661,-0.40878336805659216,-0.036665042443332074,-1.4328536787010313,3.82453667922993,2015-06-01
0.04107488723961212,2.087507823669811,-0.037527578115547564,0.055528749149427355,1.8201940981007907,-1.6458301592295128,0.8348964860987813,0.7007533298855525,0.7285381135636994,0.06634862760900984,-0.29935681155609933,0.24101872728603518,0.44650416063999926,0.541605113648127,0.27565464698237896,-0.7831751620571119,-0.14587066981365893,0.3134157651540779,-0.2267125964709756,0.18104320050260808,0.4804997484173981,-0.7400056663478513,-1.2422190920712513,3.164025706040869,2015-07-01
1.1674214819820512,0.6031019410960068,0.007068289640678987,1.7218895519018742,1.1123678471436758,0.5760097514273034,-0.6805648006203423,-0.13038117346545958,0.7261195081427708,0.7603682339883664,0.1398381645830853,-0.09427659414888985,0.19297642417620772,0.3685630750292714,0.26738128677980755,-0.7486400169142428,-0.11692868170920942,0.33717293889979477,-0.2267125964709756,0.46885546796829275,0.4804997484173981,-1.2548867380731528,-0.7213957157188012,3.2546526837388656,2015-08-01
0.49520443086047966,-2.0108458540305323,-0.5240253890036002,0.365589922515485,-1.991615061981243,0.46970311394898456,-1.7615348158316897,-0.016343388846145418,-0.09973951622668553,0.7579432016294749,0.047037148583423734,-0.9854021813506295,-0.21825101849811435,-0.8808318766269347,0.19321792864637638,-0.13639619715075602,-0.046682566757571466,-0.6245543072230689,-0.2267125964709756,0.7566677354339775,0.4804997484173981,-1.443346290252371,-0.009937752736570212,2.8970349918496154,2015-09-01
-0.5591057395550671,0.16322894915575653,0.6223846291760012,-0.1831851703982322,-1.381419598681753,2.0708747692433076,-0.6138027390526057,-0.4663410645892709,0.013574433762449276,-0.07011037033744397,0.11857514729851491,-0.8446311592451152,-0.492272391650346,0.3415328391728532,0.023613957027818818,1.140644281706991,-0.03267827794968307,-0.8960200446691309,-0.2267125964709756,1.0444800028996621,1.3697828648913883,-1.254886738073153,0.7015202102456609,2.545985031702295,2015-10-01
0.494952655037098,-0.6706205216218203,-1.1838828092547953,0.870596211872244,-0.6696210139565797,-0.535940834398186,1.348002230557326,-0.9080744287902034,-0.4335669614742595,0.04350468776986817,0.8015079229892149,-0.48995378184015104,-0.6349322187598373,-0.6785819419025055,-0.18488365049439925,0.40094508625892133,-0.005277804652978947,-1.1915418172742103,-0.2267125964709756,1.3322922703653468,1.3697828648913883,-0.7400056663478524,1.2223435865981107,2.932891009700424,2015-11-01
1.7271725807999787,0.8179089254012937,-0.19526293851516646,-2.185242329821267,0.037993519409139066,0.019942321447017828,0.6863581071527947,-0.4212227019908545,-0.8724965014218392,-0.4048248921880671,0.7991216300591962,0.01469626863005376,-0.3734208247352994,1.2020352745833447,-0.26367319570279146,-0.5933376862748377,0.04160576241261101,-1.0621842511159905,-0.2267125964709756,1.6201045378310315,1.3697828648913883,-0.036665042443332595,1.4129781732278914,3.486860071736199,2015-12-01
0.0789681349633421,-0.7991367490152681,0.08540540148198746,0.2738176913538883,0.5723851230647721,0.051836992875777636,-0.5329831087948199,0.27584792958991844,-0.3887349796873851,-0.844920795569264,-0.01570394421263122,-0.20092007941073387,-0.04679805694343545,-0.19687478700730138,-0.23599119368389948,-0.4793911024364843,0.08412896781968986,-1.2269992887448475,0.10795837927186054,-1.5458304042915,-1.2980664845305825,0.6666755814611871,1.2223435865981112,3.282665361919708,2016-01-01
1.755036463453293,-0.13285178493439545,0.5065473798301563,0.8117612945970097,-0.7793384928990543,1.4528836823347726,-0.5335990170780477,0.018905538594007936,0.3039111195815449,-0.3598737787879067,0.09609613503624631,0.25477982770230684,0.4399699095557318,0.5763585139881681,-0.05490089608701735,1.2899630944767624,0.17448362361553274,-0.24627239301923795,0.10795837927186054,-1.2580181368258154,-1.2980664845305825,1.1815566531864885,0.7015202102456609,4.030770342253182,2016-02-01
-2.627003069570941,0.47635766218144104,0.7172299661878014,-1.4490076459480186,0.21266672395120167,-0.31178226026752287,-0.5055047862506493,0.9602613775164701,0.04859962488184688,0.3346128825965768,-0.3450714654905298,0.1584913529506291,0.2136601839470952,1.7062966749272679,-0.036375671369436,1.2117686339609413,0.14539408835521317,-0.0903406635647227,0.10795837927186054,-0.9702058693601306,-1.2980664845305825,1.3700162053657066,-0.009937752736569862,2.976430488030565,2016-03-01
0.9772117260396622,0.8310047652343545,-1.2448104507620645,1.1865262323735781,-0.8115596655515965,0.08310342697208259,1.9338237729971124,-0.3664360834985592,0.983980374426624,0.07862295100781583,-0.778136920851658,0.23271774701390888,0.5733275985710707,2.3257507914810933,0.3247912966422218,1.1047151206571812,0.2455498303981743,0.7768870888526104,0.10795837927186054,-0.682393601894446,-0.40878336805659216,1.1815566531864885,-0.7213957157188003,4.093876140534124,2016-04-01
0.20764518789505623,-1.1999940688703614,-1.5390303523275948,0.37721716268090766,-0.655161523603589,0.43005000934487325,0.21007716943392918,1.0396686976697829,-0.3342961095476865,1.016489279224078,-0.3008384375435083,0.9413151111788333,0.4818273052625547,2.0021393187895655,0.5328048027902555,0.5147612043299826,0.24529672550177734,0.7741988152200459,0.10795837927186054,-0.3945813344287613,-0.40878336805659216,0.6666755814611871,-1.242219092071251,3.824396283441516,2016-05-01
-0.19664461922570978,-0.348888035377568,1.3220671052381034,-0.38035961876431706,-1.519574841087655,-0.014387014140410522,0.2590046399588115,0.7005766669857488,1.0628836706863773,-0.30529024873877036,0.3825539320377961,0.9388391414486844,0.7332634279646219,-0.2328909344540893,0.5460278167394655,0.488746104980711,0.21101628139152384,0.5065811753898883,0.10795837927186054,-0.10676906696307661,-0.40878336805659216,-0.036665042443332074,-1.4328536787010313,3.543531327794372,2016-06-01
0.21258154952186742,-0.48694932729428553,0.31194702285323384,0.6729832382456776,-0.9940324948856238,-0.6822152925577447,0.8694938573396234,0.3471585333044545,0.7259439665794187,1.0956022444880187,0.13065339072481075,0.09339245220575323,0.43835500706450226,-0.7527729106166587,0.5801078750209335,0.30489935261346623,0.2433076168579552,0.46772632576331974,0.10795837927186054,0.18104320050260808,0.4804997484173981,-0.7400056663478513,-1.2422190920712513,3.4287258377510725,2016-07-01
-1.964965861001323,-0.6623067753838514,-0.8428882717809831,2.319134931992347,-1.4598089956902585,-0.0064950724700464715,0.06448706305719842,0.20269643074708332,0.37476909187536467,0.7577671936011394,1.0535374834336773,0.20939397430148515,-0.11652626514606333,1.6191381053693192,0.23994320972531072,1.603899804390404,0.16013805051755545,1.2479751083223694,0.10795837927186054,0.46885546796829275,0.4804997484173981,-1.2548867380731528,-0.7213957157188012,2.57289100226644,2016-08-01
-0.11356172383617699,1.7154394582557138,1.6142752837390086,0.2197989683888806,-1.0512583098039832,0.9213772848931375,-0.44184328617898433,-0.8742180942405473,0.23122393691504312,0.4056591451291297,-0.24712686896416536,-0.24835268835073884,-0.38490759133517477,0.8865998504399029,0.23102562949093586,1.6625608828213345,0.16516125844715862,1.2063365163616988,0.10795837927186054,0.7566677354339775,0.4804997484173981,-1.443346290252371,-0.009937752736570212,2.9382114802595205,2016-09-01
0.4904673107319682,0.3780487951952187,0.08046786613085449,0.2864871433353951,1.1550607907289376,-1.2941723214703942,-0.3780806979456872,-0.41452784477390636,-0.8388550639563362,0.2617325489474253,1.1313866341841712,-0.6976927275213862,-0.5474040949882075,-0.3838685732095784,-0.00968821719843088,0.6336367914382844,0.22813830503014546,0.4623785335832023,0.10795837927186054,1.0444800028996621,1.3697828648913883,-1.254886738073153,0.7015202102456609,3.0622235918128053,2016-10-01
1.664189210244709,-1.259553683844376,1.216948470538388,-0.42465434560025095,-1.0224775942826194,-0.0709739375083604,-0.25120238322383576,-0.2584808615607337,-0.3820826168902813,-0.8111899630210816,0.7989484337255045,-0.20245738484799952,-0.14370655045238034,-0.1560551315496614,-0.08925014294939664,-0.07842770949093705,0.2952972219060274,0.19772885672092702,0.10795837927186054,1.3322922703653468,1.3697828648913883,-0.7400056663478524,1.2223435865981107,3.483409403745802,2016-11-01
-0.4262644299050739,0.8822274715282931,0.029013020851470374,-0.8171024265121137,2.871335232392862,-0.9498425413999979,-0.21623643692032657,0.2715058832911559,-0.22702611425126015,-0.3532037387282641,0.45246524409269684,0.5066168447289549,-0.07838671778233071,-0.5120443578218045,-0.19611325393844675,-0.5243432461676342,0.2463389492720251,0.3066157494199857,0.10795837927186054,1.6201045378310315,1.3697828648913883,-0.036665042443332595,1.4129781732278914,3.085536898589763,2016-12-01
-0.7301965972499112,2.0660895861686663,2.158778512498481,0.8715311274582886,0.5459234926930963,1.049463881311559,0.5616729978318895,-0.22914524953299806,0.2995966336522456,-0.19773520586943977,0.31083784780216805,0.2452498903818408,0.012154255445441568,-0.7843548036576776,-0.23398056054026978,-0.7826606915951444,0.24435884521765058,0.3107075397658455,0.4426293550146967,-1.5458304042915,-1.2980664845305825,0.6666755814611871,1.2223435865981112,3.266433955060186,2017-01-01
-0.40897125079207886,0.994886417683151,1.8324510707616462,-0.8233732750780811,0.2105678926885728,-1.818135907809512,-0.12554602417613672,-0.0015187735317128814,-0.19787670482254963,0.3302869318234591,-0.7449449319125201,1.2028159331916173,0.07556057499169502,-0.23183082389595122,0.011837448604489823,-1.1794281322454354,0.19503115910925878,-0.29905145587584137,0.4426293550146967,-1.2580181368258154,-1.2980664845305825,1.1815566531864885,0.7015202102456609,3.6264189947090704,2017-02-01
1.0751278197465388,-1.513654204818296,-0.3091486423987057,0.10894400611899226,-0.9235053117213972,-0.8008847256396823,0.5667690719276924,0.4514577844470289,0.028304952458120806,-0.16850833798287915,-0.2942749501001723,-0.1467273375062341,0.5929775821391295,1.3914719115641898,0.3185084501401802,0.5398203278588335,0.3507069180907433,0.6142988175713754,0.4426293550146967,-0.9702058693601306,-1.2980664845305825,1.3700162053657066,-0.009937752736569862,4.252543516843559,2017-03-01
0.46076618729884017,-0.49608049525859904,0.994993008042424,-0.44304294690801366,0.7709478678397592,0.1866893114952414,-0.2604733219247912,1.2393231112372678,0.4784063220033184,0.05827434973752567,-0.14128999736700434,1.283590652150576,0.9898238141029914,0.22503947585469755,0.575000767321661,0.8045655057908735,0.35895644670637256,0.7463875180187494,0.4426293550146967,-0.682393601894446,-0.40878336805659216,1.1815566531864885,-0.7213957157188003,4.161499584394911,2017-04-01
-0.43829714807609643,1.2253546819785663,0.6464536766878747,0.5184073849035825,-0.6161558123349815,1.4402989224613092,-0.09840107619630968,1.1247606639042833,1.2612708132428485,0.5095717695164834,0.37829708750223734,0.9386594364031726,1.0911358701977936,-0.7182364572832303,0.6616854348724465,0.7928148232504717,0.3626804618020522,0.7805107755036277,0.4426293550146967,-0.3945813344287613,-0.40878336805659216,0.6666755814611871,-1.242219092071251,3.8549229641154015,2017-05-01
0.6539981908856375,-0.7157250684671553,1.4192522325646464,0.3723585380015253,0.142268381581101,-0.2806134836562448,-2.2106929782510525,0.7389890153201684,1.1474355307436472,1.2945165593756238,-0.11253002311405227,0.5791554213074647,0.980399109099349,-1.1173983886510443,0.8757049198936561,-0.21803367666493825,0.4187055102607872,1.1715806342566193,0.4426293550146967,-0.10676906696307661,-0.40878336805659216,-0.036665042443332074,-1.4328536787010313,4.002782625143588,2017-06-01
0.21814946158489146,0.41622758912068253,-1.0741511067813874,1.0797777461793134,2.7927394053640437,-0.7969578644729496,0.7535926092993369,0.9250438591041722,0.7641124993395196,1.180378783426156,0.11062985447424191,0.4322056726978572,0.7517926020101104,-0.9287145763450037,0.9642427321616247,-1.232255350229791,0.44519779838657186,1.2003841247752383,0.4426293550146967,0.18104320050260808,0.4804997484173981,-0.7400056663478513,-1.2422190920712513,3.645889731870279,2017-07-01
1.1308856345633869,0.7414295917502958,0.6899154561217891,-0.4755647042319493,-0.09479878190736717,1.7732759195849526,0.17402503745350523,0.47595821232368607,0.9489863929718432,0.7960371512526513,0.5547178841476096,-0.6632533848644502,0.6721636278668741,-0.7923818727053101,0.9756536676029967,-1.3341528312142164,0.5796859631419609,-0.12274158033838285,0.4426293550146967,0.46885546796829275,0.4804997484173981,-1.2548867380731528,-0.7213957157188012,3.675324036082024,2017-08-01
-0.6187283410276234,-0.9312660778029037,1.0877960037953815,-0.23421503444890154,1.2590233952853889,-1.738832165581808,0.8366695382045714,0.5129960009532911,0.5027512377555464,0.9814023085839022,1.3271233308741954,-0.19564724178908177,0.23157838690394472,0.5020454927431536,0.6855150338523345,0.11649498391582473,0.5883296552662939,-0.2623971555574143,0.4426293550146967,0.7566677354339775,0.4804997484173981,-1.443346290252371,-0.009937752736570212,3.00906598072302,2017-09-01
-0.22665293266540723,-0.07857741442938147,-1.5390303523275948,-0.9466703953290724,-0.7548051152014804,-2.5308800582095246,-3.124079384946413,-0.3253701737535669,0.539553935584985,0.5339813767896587,1.2148088841008775,-0.036913120185413394,-0.02270810361953176,0.43891773375711174,0.4313878376743045,0.20535482423662932,0.5895662221063521,-0.27966128585383404,0.4426293550146967,1.0444800028996621,1.3697828648913883,-1.254886738073153,0.7015202102456609,3.0723600386554,2017-10-01
-0.29414306433895876,-2.9691637724900417,-1.307442091455513,-0.4095108974212198,-0.028407051181817033,0.25294287233203516,1.9456489871980225,-0.2457259626200126,-0.29349085838785066,0.5708818700898962,0.8366070361111935,0.5022000281330519,-0.2609519807017082,-1.762324719171594,0.26410411887452107,0.16211823286382368,0.5474262580329321,0.015001348384484836,0.4426293550146967,1.3322922703653468,1.3697828648913883,-0.7400056663478524,1.2223435865981107,3.1379776066591507,2017-11-01
-1.4161580588894684,-1.027069782818091,-1.5390303523275948,0.4162164803953118,1.9346959281900644,-0.7408922410102305,-0.3203514587309482,-0.16315803111300903,-0.21435217477137525,-0.2643765661599462,1.0190110204496106,-0.007072347162795016,-0.2571982408367657,-1.7924889674816396,0.03421723891337631,-0.7239013724811753,0.539130236648736,0.12181913105355942,0.4426293550146967,1.6201045378310315,1.3697828648913883,-0.036665042443332595,1.4129781732278914,3.0175323419076707,2017-12-01
0.42659402820180864,-0.268345033020162,-0.3309916506226003,0.7978149011449394,-0.6719566619062012,-1.2885995681049056,0.9487231286610504,-0.31471677784642427,-0.13230832857843278,-0.18502758804662314,0.5787375526056179,0.2244738703789,0.07135168929506225,0.883151457420678,0.07329910545421706,-0.2876224182144345,0.6058542066797288,0.04960109642325091,0.7773003307575328,-1.5458304042915,-1.2980664845305825,0.6666755814611871,1.2223435865981112,3.8133869813229646,2018-01-01
0.38987271800645323,-1.2466751800383948,0.7235633687661278,-0.8897872443668872,1.9799720677399004,0.5360301954676429,-1.2360380811714358,0.686723436350738,-0.2829050830234285,-0.1027657274950112,0.6150485675715444,0.6852507117971266,0.4849521683378515,1.755089824355222,0.16558224438533392,0.7316207204475229,0.6600690454522582,0.3498921193677177,0.7773003307575328,-1.2580181368258154,-1.2980664845305825,1.1815566531864885,0.7015202102456609,4.0708315517138445,2018-02-01
0.12184141924519634,1.5846537370998168,1.5621379121876966,0.9109988078260784,0.7790382490399133,0.04594724012907412,0.44485652802597053,1.0106712189578146,0.7121786668710471,-0.25376266131191033,-0.20686677465205783,1.4866831266692055,1.0070187286797516,-0.8173833863545805,0.4423003563597466,1.4134586598888061,0.653052333757345,0.25025780176264467,0.7773003307575328,-0.9702058693601306,-1.2980664845305825,1.3700162053657066,-0.009937752736569862,4.195025780801124,2018-03-01
-0.1291814951674103,-1.4259394749074663,0.036039795786694855,1.3994760835511306,-0.6018373474618599,-0.8063248730713874,-1.249778355581058,1.1669473643988877,1.0340702483321302,0.7439653154883284,-0.12878538131238373,1.3701479071364722,1.1820084307718128,-1.6803845567625912,0.7072930473579307,1.3905361087871548,0.6587331892297842,0.32572309148779277,0.7773003307575328,-0.682393601894446,-0.40878336805659216,1.1815566531864885,-0.7213957157188003,4.208066973759911,2018-04-01
-1.365739747771324,-0.4526406325097207,1.6970451017797668,0.4525326909952427,0.6971303372629101,-1.5619070685014196,-0.8127967673149016,1.1833573649482698,1.189354458632418,1.0667122564912876,-0.04783763827515664,0.9777332476749275,1.064061571026597,-0.5670541707004385,0.8628836765105964,0.5401478547871864,0.6526196386358127,0.2974909525964052,0.7773003307575328,-0.3945813344287613,-0.40878336805659216,0.6666755814611871,-1.242219092071251,3.8048086649058366,2018-05-01
-0.3240281951594001,0.10846045460066793,-1.5177687621143765,1.9232561012862834,1.0669094057502786,0.7091483789715709,1.7683292226598044,0.6759291648785867,1.2056602996111934,1.2224091020968546,-0.19642242490724096,1.1669919670044566,0.9501825376616534,-0.7390968150067738,1.077696382965892,-2.0086321059659733,0.64473834077772,0.23282128146233644,0.7773003307575328,-0.10676906696307661,-0.40878336805659216,-0.036665042443332074,-1.4328536787010313,3.9381776606554233,2018-06-01
-0.24241630549697613,1.396758582344428,-1.5390303523275948,-0.7406646053222615,0.6856093202266675,0.4746793085664277,-0.3723164941681639,0.8437501073673462,0.7014529101243019,1.2387582724370447,0.7853670379800729,0.7101730385081945,0.7380090718844606,-1.463251560952787,1.05812806109052,-1.8167179981803048,0.6549406950040451,0.24581022807426298,0.7773003307575328,0.18104320050260808,0.4804997484173981,-0.7400056663478513,-1.2422190920712513,3.729520974383289,2018-07-01
-0.7236866333191434,-1.431563189112223,-0.10248318239020897,-1.213899140780759,-1.6973875386304544,-0.31587581490315914,0.0427661797661972,0.5811931198908961,0.868208638918774,0.7332110572867283,1.1029581582291357,0.7478486200747493,0.5406236084074559,-0.10363277273273949,0.8921813201749765,-0.6760322667426027,0.6164268230286472,0.34777855824588466,0.7773003307575328,0.46885546796829275,0.4804997484173981,-1.2548867380731528,-0.7213957157188012,3.3596162204311204,2018-08-01
-0.05241766030716388,1.1233674700968872,0.3672434288645582,-1.7506516913805719,-0.7808532403144598,1.7368589767599787,0.706542909169882,0.11573438197040721,0.6073181853947803,0.900409904547174,1.2561677764565136,-0.10495427033759808,0.29618753359716715,-0.7339822929643433,0.7036144653252233,-0.6073964782175457,0.6625153408299793,-0.14976358196782746,0.7773003307575328,0.7566677354339775,0.4804997484173981,-1.443346290252371,-0.009937752736570212,3.3868650576618693,2018-09-01
0.5396227390660067,-0.010002523232461445,-0.0780648063919353,1.5405889529748131,-0.25945205800190146,-1.3401359197368665,0.3257654999434232,0.15002215267817495,0.1448138643331522,0.6388261892180931,1.2722557719223981,-0.023938581121539865,0.19772449017176527,-1.6591849262596077,0.5401389427882461,-1.4598892884245158,0.7155920181046856,-0.6861073146116203,0.7773003307575328,1.0444800028996621,1.3697828648913883,-1.254886738073153,0.7015202102456609,3.507442801954541,2018-10-01
2.091766846721352,-0.9849182802963404,-1.5390303523275948,0.6946756214422781,-0.07128829095243193,-1.8206026610923283,-0.025391859933330718,0.301747601135168,0.17888399949220438,0.17509285967359847,0.7747845769997145,0.06005117510778591,0.498072259553697,0.2800170282578622,0.5943238703829676,-0.9823404696655272,0.8252699149015978,-1.1066760228608186,0.7773003307575328,1.3322922703653468,1.3697828648913883,-0.7400056663478524,1.2223435865981107,4.037034685237407,2018-11-01
0.29931047168511254,0.43420142691079167,-0.1383552254970949,-0.018846627096291448,0.6843723288833055,-0.9411785080473926,0.19281292953160278,0.9681439287629334,0.32964639755112735,0.20925352908977232,0.939312454601845,-0.09411742231531825,0.647782707236801,-0.29797256996512084,0.5444735761210019,-1.2681127989017211,0.9115179539984343,-2.3256036668835303,0.7773003307575328,1.6201045378310315,1.3697828648913883,-0.036665042443332595,1.4129781732278914,3.724529032472304,2018-12-01
0.38620228249365973,0.17562046624142133,-1.4369560217025283,0.3183949149518655,0.20281118369701925,-0.25934121871557636,2.266068288822092,0.5749116570093457,0.9918128925758519,0.36041654668385203,0.6819074891756566,0.9245676523074974,0.8738762859034198,-0.9598452242319624,0.6116404023700841,-0.8235267424870641,0.9364040938868567,-2.237277526960626,1.111971306500369,-1.5458304042915,-1.2980664845305825,0.6666755814611871,1.2223435865981112,4.017384877695871,2019-01-01
0.03852403763430916,-0.6100955276782059,0.6724145909246285,-1.094133935298546,-1.4420452452494756,0.0454606293140489,-0.2369812103257948,0.9434181729543283,0.6010765929857846,1.0243426106518188,0.22558221102061574,1.2540938351196602,0.9398123840231043,-0.5362491741756591,0.8044008953024819,-0.6621545076502361,0.950423248320488,-2.0840437729419734,1.111971306500369,-1.2580181368258154,-1.2980664845305825,1.1815566531864885,0.7015202102456609,4.1857500576054765,2019-02-01
-1.8929184831356103,0.04855584876604814,0.34857972410577737,2.4950748159896867,0.4229488309662474,-0.465742181249451,0.026153499973388946,1.1552755316748768,0.9672440791207955,0.6325680110829367,0.25919717026585637,1.413061065138509,0.9880955894038176,-0.9512150347631092,0.9085970053370032,-1.3808985083390988,0.9063113127546738,-2.4004119093099163,1.111971306500369,-0.9702058693601306,-1.2980664845305825,1.3700162053657066,-0.009937752736569862,3.833429241494125,2019-03-01
0.08872016127847569,-0.39883831054501456,-1.047391942961968,0.16688902599109964,0.6734072898876029,0.16015049071657625,0.8902125748337495,0.7119430233516355,1.177756710798354,0.9997085107145065,0.40794538751849463,1.429753646879506,1.1958916240935653,0.14064456350158444,1.1369356878984247,-1.1547545598590683,0.9402240101222178,-1.7468817323607397,1.111971306500369,-0.682393601894446,-0.40878336805659216,1.1815566531864885,-0.7213957157188003,4.486057813413139,2019-04-01
0.17956162779766704,0.09152943305138712,-0.5921972285022672,0.1469628875647885,0.6181868889402923,-1.5315614658402412,0.9460208861968413,1.5331589395319267,0.7372381770124108,1.210780535674031,1.0612653593914558,0.9135875028345479,1.3188418683305774,0.4576229513631251,1.2363389859721887,-0.6880310001872583,1.020525232177246,-1.0454363149888009,1.111971306500369,-0.3945813344287613,-0.40878336805659216,0.6666755814611871,-1.242219092071251,4.46305781277872,2019-05-01
2.6960804694931833,0.6308349525554188,-1.1749000293093805,0.7664358234645493,1.1845639655467493,1.3118488472247478,1.0289167126389178,1.5042175670486426,1.5532415706856215,0.7690914160357439,0.6757492842412083,1.084298331997212,1.844450996173972,0.05234928840203623,1.5383554788004357,0.2940526632598085,1.1523664186855804,0.8119275298683933,1.111971306500369,-0.10676906696307661,-0.40878336805659216,-0.036665042443332074,-1.4328536787010313,5.018912753506066,2019-06-01
-0.08496076169248874,1.5390463812395296,-0.11010308095196956,0.5204470012961715,0.9161999637860806,-0.29791562729614607,0.4712559747996616,2.2036612384627,1.524483898435714,1.5872631680295217,1.0370247844967533,0.8172200974821241,1.6246001555238114,1.5069530274747982,1.5320115184317096,0.3347070611959451,1.1841667109138652,0.7174348788732637,1.111971306500369,0.18104320050260808,0.4804997484173981,-0.7400056663478513,-1.2422190920712513,3.990195902182432,2019-07-01
0.4322774424163539,-1.2368766092669823,0.9774390177937525,0.2620281385456146,0.5088117068121355,0.9674406970332883,-1.340897186814205,0.9092057274730975,2.219487975088094,1.5584290782813701,1.2447249741618165,0.34374613223648287,1.3777642266283894,2.266425381065247,1.466815456686191,0.6521522213740508,1.2508617955824732,0.09252340633446576,1.111971306500369,0.46885546796829275,0.4804997484173981,-1.2548867380731528,-0.7213957157188012,3.906332466173135,2019-08-01
0.08013503719495568,2.0767822209022135,-1.0963786679003877,-0.7574338089766531,-0.0666487851011076,0.1503077566496177,1.482938962413777,0.803678646067676,0.9332487910747526,2.255279982880939,0.8100917538690798,0.37862434040799503,0.7665742174830822,-0.9047424429722222,1.4217776749846176,1.0634009049156303,1.281791810166546,-0.34289149187780243,1.111971306500369,0.7566677354339775,0.4804997484173981,-1.443346290252371,-0.009937752736570212,3.640406102525549,2019-09-01
-1.1073944444659842,-1.939030519210662,0.49544318834878326,0.5108581243893057,-1.7960283648085957,0.2706014326239877,-1.34429469624054,0.46905804906070775,0.8283915241189715,0.9656228873018876,1.6151933683549005,0.5329625101683343,0.4389216865881166,0.16124116127589502,1.1336486331541753,2.2453135904719956,1.2505313480086284,0.20138628635672917,1.111971306500369,1.0444800028996621,1.3697828648913883,-1.254886738073153,0.7015202102456609,3.251192995899769,2019-10-01
1.3132907967652356,-0.1692718686140574,-0.6097106911716891,1.928511091899091,0.4766745237988389,0.38982558820050867,0.12942336217552453,-0.02069678500550656,0.4958948720561591,0.8604869840940537,1.5868198976845975,1.2108342224423232,0.4935725638910873,0.594549966229599,1.0325093568549375,1.9185035141356146,1.2496237187137416,0.2016678510645414,1.111971306500369,1.3322922703653468,1.3697828648913883,-0.7400056663478524,1.2223435865981107,4.029594621504203,2019-11-01
0.9039372267910168,0.5582738086641702,-0.8903150249858589,1.3892068627659984,0.23541020216901629,0.26105977172150274,-0.9455316881716809,0.958781943986299,0.009248670013780385,0.5271067917326947,2.2725387421470793,0.8108304674338018,0.7032420287822769,1.2203120914366712,0.8212052157230133,-0.6366854222913085,1.297051265096255,0.03233926263933189,1.111971306500369,1.6201045378310315,1.3697828648913883,-0.036665042443332595,1.4129781732278914,4.113304460704234,2019-12-01
0.9448829892998182,0.25616257179051016,-0.15749240137323417,1.638220013166437,0.3048673193754184,0.4667899532644982,-0.24361206253041937,1.0641157513766517,0.9825103313386274,0.03916742920893507,1.0034836724094909,1.185682687638833,1.2094854602790248,-0.8489682992904142,0.9151904361697983,0.08553146011179717,1.3428731388504396,0.16049849079351583,1.446642282243205,-1.5458304042915,-1.2980664845305825,0.6666755814611871,1.2223435865981112,4.392998206867401,2020-01-01
-0.8358561984581555,-0.6321967283484176,-1.1492868047050084,-0.47677001564614224,-1.3783448085235432,1.190938868377184,0.1559963500333611,1.416060128145043,1.087175551051902,1.0150153298040905,0.9000272951796695,1.40118824275642,1.2632405866756196,-1.12835247759054,0.9722401633458598,0.22386037110302998,1.3386139541482962,0.15409830931918872,1.446642282243205,-1.2580181368258154,-1.2980664845305825,1.1815566531864885,0.7015202102456609,4.150836458172357,2020-02-01
1.585542119513469,-0.22465320405952258,-0.6347047067243775,-0.9575660438631827,-1.165604786891275,-0.003930303107293153,0.14846473267688107,1.1113430334985956,1.4368860232539051,1.1199586754440447,0.5719727877322347,0.9502215221059674,1.6765348540762723,1.1282150040220966,1.300080963255107,1.836146201590989,1.4864731267123683,1.1243788519677376,1.446642282243205,-0.9702058693601306,-1.2980664845305825,1.3700162053657066,-0.009937752736569862,5.045467761640114,2020-03-01
-1.3515814626830354,-0.5046986178983841,-1.3230628976659637,-0.08940207973893144,1.1545292524746191,0.53671307529591,0.2507451060034804,2.2370759497890127,1.1341030663693326,1.47059843007069,0.09182816335262328,1.7855788255134606,1.6304363693816184,1.2651988599893544,1.5422367736404312,-0.18078267850991117,1.4624367355710977,1.02509247745181,1.446642282243205,-0.682393601894446,-0.40878336805659216,1.1815566531864885,-0.7213957157188003,4.289025519485668,2020-04-01
0.7310638797723734,-0.5994275252477222,2.056178167410404,0.0930229798861676,-0.03337154582710383,-0.30591691044948627,1.4628820321296456,1.2852291633363004,2.252690592455407,1.1670108908167585,1.0520870800742228,1.7561390808638448,1.934490640119664,0.6051201610261416,1.7305374930741462,-0.06136310973124132,1.508007744476987,1.4587794388456743,1.446642282243205,-0.3945813344287613,-0.40878336805659216,0.6666755814611871,-1.242219092071251,4.8366147402119415,2020-05-01
2.410408836842712,0.8151257225920846,-0.005451368523450466,1.1367143473236414,0.7505000975210714,1.308001035504853,0.28289836410188157,1.9742719097592698,1.306885484810814,2.2885708292583167,1.1553539758065423,2.4676272141620417,1.9820102270646676,0.9411231374605089,1.9730453226425746,0.311279481324197,1.5243221090916546,1.746306015245623,1.446642282243205,-0.10676906696307661,-0.40878336805659216,-0.036665042443332074,-1.4328536787010313,5.152645669778923,2020-06-01
-0.9208381583754189,0.33089636832200353,-0.7907871168874128,-1.6639621005886525,0.0404148819511861,-0.9248101526494508,-0.4267036481693691,2.3719401096091883,1.9915546545004243,1.340252442391239,1.5003923273077941,1.1508811017987672,1.8389284485153443,2.2287457187225015,1.8734873458069474,1.0751040527229967,1.5214084798320473,1.7612325053769422,1.446642282243205,0.18104320050260808,0.4804997484173981,-0.7400056663478513,-1.2422190920712513,3.966312156353008,2020-07-01
-0.47656053416137006,-0.7012156150386423,0.18550704568810203,1.5742635372791005,0.04197789808921443,1.688651398864342,0.8021674595171254,0.8791523202870554,2.386698725919285,2.026740977174724,1.2016545410233117,1.043536837735645,1.406611950452691,2.9742594573075687,1.8059880853772228,1.6446593207178264,1.5159451034142146,1.799181699120688,1.446642282243205,0.46885546796829275,0.4804997484173981,-1.2548867380731528,-0.7213957157188012,3.8615478068676703,2020-08-01
0.2208448522306474,0.8642752354129667,-0.16315298240805587,-0.12178516927601976,1.0296532268963092,-0.25361488214603034,1.0313985551486116,0.7473251908179059,0.9033861425653082,2.4229350613039817,2.3052977736104756,0.7031540540208461,0.8495774538741876,-1.842853050227802,1.537850845789604,1.4788875458667683,1.5471601840885043,1.4996758928346077,1.446642282243205,0.7566677354339775,0.4804997484173981,-1.443346290252371,-0.009937752736570212,3.8962839052388656,2020-09-01
-0.4107710403727656,0.28202388756155367,-0.2792364692194635,-0.39201110261096084,-0.5513711779716078,-1.72064609961228,-1.4269444415866401,0.7910343357677683,0.7723957624404701,0.9356808850509373,1.3721285918919168,0.2049656123997048,0.7165707426447974,-1.3304613996227872,1.3925565587501345,2.1114733371169354,1.5978027295110453,0.600330705670535,1.446642282243205,1.0444800028996621,1.3697828648913883,-1.254886738073153,0.7015202102456609,3.666322573226218,2020-10-01
-1.5074230247834888,0.7790090772921651,0.6131065961940286,-0.9801787992339798,0.11412398403486844,-0.07610654152726064,0.4292202285876682,0.5016692756394465,0.815827471338099,0.8043424253925332,2.047650603417429,1.201311023727511,0.5283906597585661,-0.5639055385696538,1.0660141215349679,2.0064633365928866,1.5255251911221475,1.4388520702436696,1.446642282243205,1.3322922703653468,1.3697828648913883,-0.7400056663478524,1.2223435865981107,3.4371176101053056,2020-11-01
0.18828799314108888,0.5988845481838678,0.7662664532510968,-1.6261649285656574,-0.49291753829780816,-0.9297255384842423,0.5347645223610298,0.21325596999924024,0.5282991046529548,0.8478895449711651,2.4375155627061016,1.3084586855854572,0.629292345295238,0.3074418155713168,0.8259697371104304,-1.4231957263630068,1.5268131652142956,1.4357243528715131,1.446642282243205,1.6201045378310315,1.3697828648913883,-0.036665042443332595,1.4129781732278914,4.123862305615462,2020-12-01
-0.9959954996388682,-0.8349921966027226,-0.609970902141973,0.8643298449641398,-0.46271846512837334,0.6755864404346881,-0.4810222856231955,1.0774009041491832,0.2417164513629655,0.5595971317990397,0.974019987927065,1.6664635655860163,0.8005416824471816,0.5103355962182767,0.8460952956673548,-1.3045520977439466,1.4852831570980891,1.4339422043214034,1.7813132579860413,-1.5458304042915,-1.2980664845305825,0.6666755814611871,1.2223435865981112,4.052566370912111,2021-01-01
0.6124491285714095,-0.5707389413549856,-0.6583922122134227,0.11070454943916846,-0.32647657601858365,-0.8997357664791074,1.2208143316359135,0.9876877673718868,1.1003763786713616,0.2722529450575849,0.8447796350825854,1.3564992243321403,1.3965129896915818,0.6855374749319578,1.060699443966189,0.6986542520152265,1.5621946665236517,1.8017046084967778,1.7813132579860413,-1.2580181368258154,-1.2980664845305825,1.1815566531864885,0.7015202102456609,4.781299286076779,2021-02-01
-0.8463670679805265,0.7145530032853272,-0.33702318594735275,-1.2594332829703423,0.2511147775560849,-0.6819513638199312,-0.33099609389523926,1.9046673394093014,1.011232680132437,1.1331945815014486,0.8876310977412842,2.501617328817297,1.591821840506489,0.4855165592435301,1.216583156203798,1.1783522266286173,1.5035046504956664,1.1072835438794195,1.7813132579860413,-0.9702058693601306,-1.2980664845305825,1.3700162053657066,-0.009937752736569862,4.564371060364593,2021-03-01
1.7396324170824276,0.5799527139669507,-1.5390303523275948,-1.2645769044704542,-0.5108259687689509,-2.2046207854395163,-0.050658425351197335,1.63170210422235,1.9223918868267027,1.0438140022314488,0.6039441008200601,1.5333796837329055,2.1848589068296422,0.8768583863816615,1.6187964037603264,2.745093599543479,1.6378307448875509,2.6425665231490574,1.7813132579860413,-0.682393601894446,-0.40878336805659216,1.1815566531864885,-0.7213957157188003,5.390130022104064,2021-04-01
