date,cpi_yoy,petrol_yoy,bank_rate,fx_usd,gva_growth,unemp_rate,cpi_yoy_l1,cpi_yoy_l3,cpi_yoy_l6,petrol_yoy_l1,fx_usd_l1,bank_rate_l1,gva_growth_l1,unemp_rate_l1,cpi_t1,cpi_t3,cpi_t5
1997-12-01,1.7,3.4,5.9375,1.6597,1.4,6.4,1.9,1.8,1.7,7.5,1.689,5.9375,1.0,6.5,1.5,1.7,2.0
1998-01-01,1.5,3.2,7.25,1.6353,1.4,6.4,1.7,1.9,2.0,3.4,1.6597,5.9375,1.4,6.4,1.6,1.8,1.7
1998-02-01,1.6,2.9,7.25,1.6407,1.4,6.4,1.5,1.9,2.0,3.2,1.6353,7.25,1.4,6.4,1.7,2.0,1.4
1998-03-01,1.7,3.3,7.25,1.662,0.8,6.3,1.6,1.7,1.8,2.9,1.6407,7.25,1.4,6.4,1.8,1.7,1.3
1998-04-01,1.8,10.0,7.25,1.6733,0.9,6.3,1.7,1.5,1.9,3.3,1.662,7.25,0.8,6.3,2.0,1.4,1.4
1998-05-01,2.0,10.0,7.25,1.6366,0.5,6.3,1.8,1.6,1.9,10.0,1.6733,7.25,0.9,6.3,1.7,1.3,1.4
1998-06-01,1.7,8.8,7.25,1.6507,0.6,6.3,2.0,1.7,1.7,10.0,1.6366,7.25,0.5,6.3,1.4,1.4,1.4
1998-07-01,1.4,5.3,7.25,1.6437,0.2,6.3,1.7,1.8,1.5,8.8,1.6507,7.25,0.6,6.3,1.3,1.4,1.6
1998-08-01,1.3,3.0,7.25,1.632,0.3,6.2,1.4,2.0,1.6,5.3,1.6437,7.25,0.2,6.3,1.4,1.4,1.6
1998-09-01,1.4,1.5,7.25,1.6822,0.3,6.2,1.3,1.7,1.7,3.0,1.632,7.25,0.3,6.2,1.4,1.6,1.4
1998-10-01,1.4,2.0,7.25,1.6952,0.5,6.2,1.4,1.4,1.8,1.5,1.6822,7.25,0.3,6.2,1.4,1.6,1.7
1998-11-01,1.4,1.4,7.25,1.662,0.6,6.1,1.4,1.3,2.0,2.0,1.6952,7.25,0.5,6.2,1.6,1.4,1.5
1998-12-01,1.6,0.4,7.25,1.6705,0.8,6.2,1.4,1.4,1.7,1.4,1.662,7.25,0.6,6.1,1.6,1.7,1.3
1999-01-01,1.6,0.3,6.0,1.6509,0.8,6.2,1.6,1.4,1.4,0.4,1.6705,7.25,0.8,6.2,1.4,1.5,1.3
1999-02-01,1.4,0.8,6.0,1.6276,0.7,6.2,1.6,1.4,1.3,0.3,1.6509,6.0,0.8,6.2,1.7,1.3,1.3
1999-03-01,1.7,7.3,6.0,1.622,0.6,6.2,1.4,1.6,1.4,0.8,1.6276,6.0,0.7,6.2,1.5,1.3,1.2
1999-04-01,1.5,7.0,6.25,1.6105,0.3,6.1,1.7,1.6,1.4,7.3,1.622,6.0,0.6,6.2,1.3,1.3,1.2
1999-05-01,1.3,6.5,6.25,1.6154,0.3,6.0,1.5,1.4,1.4,7.0,1.6105,6.25,0.3,6.1,1.3,1.2,1.1
1999-06-01,1.3,6.7,6.25,1.595,0.3,6.0,1.3,1.7,1.6,6.5,1.6154,6.25,0.3,6.0,1.3,1.2,1.2
1999-07-01,1.3,7.7,6.0,1.5747,1.1,5.9,1.3,1.5,1.6,6.7,1.595,6.25,0.3,6.0,1.2,1.1,1.1
1999-08-01,1.2,10.8,6.0,1.6073,1.4,5.9,1.3,1.3,1.4,7.7,1.5747,6.0,1.1,5.9,1.2,1.2,0.8
1999-09-01,1.2,11.3,5.5,1.6243,1.8,5.8,1.2,1.3,1.7,10.8,1.6073,6.0,1.4,5.9,1.1,1.1,0.9
1999-10-01,1.1,12.5,5.5,1.6572,1.7,5.8,1.2,1.3,1.5,11.3,1.6243,5.5,1.8,5.8,1.2,0.8,0.6
1999-11-01,1.2,13.1,6.0,1.6214,1.8,5.8,1.1,1.2,1.3,12.5,1.6572,5.5,1.7,5.8,1.1,0.9,0.6
1999-12-01,1.1,18.2,6.0,1.6132,1.7,5.9,1.2,1.2,1.3,13.1,1.6214,6.0,1.8,5.8,0.8,0.6,0.5
2000-01-01,0.8,18.9,5.75,1.6402,1.7,5.8,1.1,1.1,1.3,18.2,1.6132,6.0,1.7,5.9,0.9,0.6,0.8
2000-02-01,0.9,19.3,5.75,1.5998,1.4,5.8,0.8,1.2,1.2,18.9,1.6402,5.75,1.7,5.8,0.6,0.5,0.9
2000-03-01,0.6,16.9,5.75,1.5802,1.2,5.7,0.9,1.1,1.2,19.3,1.5998,5.75,1.4,5.8,0.6,0.8,0.6
2000-04-01,0.6,13.2,5.5,1.5837,0.5,5.6,0.6,0.8,1.1,16.9,1.5802,5.75,1.2,5.7,0.5,0.9,1.0
2000-05-01,0.5,12.7,5.5,1.5075,0.4,5.5,0.6,0.9,1.2,13.2,1.5837,5.5,0.5,5.6,0.8,0.6,1.0
2000-06-01,0.8,18.4,5.5,1.5089,0.8,5.3,0.5,0.6,1.1,12.7,1.5075,5.5,0.4,5.5,0.9,1.0,1.1
2000-07-01,0.9,17.8,5.5,1.5088,1.2,5.3,0.8,0.6,0.8,18.4,1.5089,5.5,0.8,5.3,0.6,1.0,0.8
2000-08-01,0.6,10.1,5.75,1.491,1.3,5.3,0.9,0.5,0.9,17.8,1.5088,5.5,1.2,5.3,1.0,1.1,0.9
2000-09-01,1.0,13.0,5.75,1.4355,0.7,5.4,0.6,0.8,0.6,10.1,1.491,5.75,1.3,5.3,1.0,0.8,0.8
2000-10-01,1.0,9.7,5.5,1.4511,0.8,5.3,1.0,0.9,0.6,13.0,1.4355,5.75,0.7,5.4,1.1,0.9,0.9
2000-11-01,1.1,12.3,5.5,1.4256,0.5,5.2,1.0,0.6,0.5,9.7,1.4511,5.5,0.8,5.3,0.8,0.8,1.2
2000-12-01,0.8,7.3,5.5,1.4625,0.7,5.2,1.1,1.0,0.8,12.3,1.4256,5.5,0.5,5.2,0.9,0.9,1.7
2001-01-01,0.9,2.9,6.0,1.4769,0.7,5.2,0.8,1.0,0.9,7.3,1.4625,5.5,0.7,5.2,0.8,1.2,1.7
2001-02-01,0.8,3.3,6.0,1.4529,0.7,5.1,0.9,1.1,0.6,2.9,1.4769,6.0,0.7,5.2,0.9,1.7,1.4
2001-03-01,0.9,-3.2,6.0,1.4454,0.8,5.0,0.8,0.8,1.0,3.3,1.4529,6.0,0.7,5.1,1.2,1.7,1.8
2001-04-01,1.2,-4.2,6.0,1.435,0.6,4.9,0.9,0.9,1.0,-3.2,1.4454,6.0,0.8,5.0,1.7,1.4,1.3
2001-05-01,1.7,-1.0,6.0,1.4259,0.6,5.0,1.2,0.8,1.1,-4.2,1.435,6.0,0.6,4.9,1.7,1.8,1.2
2001-06-01,1.7,-4.7,6.0,1.4014,0.4,5.0,1.7,0.9,0.8,-1.0,1.4259,6.0,0.6,5.0,1.4,1.3,0.8
2001-07-01,1.4,-6.9,6.0,1.4139,0.5,5.1,1.7,1.2,0.9,-4.7,1.4014,6.0,0.4,5.0,1.8,1.2,1.1
2001-08-01,1.8,-4.2,6.0,1.4365,0.5,5.1,1.4,1.7,0.8,-6.9,1.4139,6.0,0.5,5.1,1.3,0.8,1.6
2001-09-01,1.3,-6.8,6.0,1.4635,0.4,5.1,1.8,1.7,0.9,-4.2,1.4365,6.0,0.5,5.1,1.2,1.1,1.5
2001-10-01,1.2,-6.6,6.0,1.4517,0.3,5.1,1.3,1.4,1.2,-6.8,1.4635,6.0,0.4,5.1,0.8,1.6,1.5
2001-11-01,0.8,-13.3,6.0,1.4358,0.1,5.2,1.2,1.8,1.7,-6.6,1.4517,6.0,0.3,5.1,1.1,1.5,1.4
2001-12-01,1.1,-13.2,6.0,1.4409,0.2,5.2,0.8,1.3,1.7,-13.3,1.4358,6.0,0.1,5.2,1.6,1.5,0.8
2002-01-01,1.6,-8.6,4.0,1.4323,0.2,5.1,1.1,1.2,1.4,-13.2,1.4409,6.0,0.2,5.2,1.5,1.4,0.6
2002-02-01,1.5,-8.9,4.0,1.4231,0.2,5.2,1.6,0.8,1.8,-8.6,1.4323,4.0,0.2,5.1,1.5,0.8,1.1
2002-03-01,1.5,-4.9,4.0,1.4225,0.2,5.2,1.5,1.1,1.3,-8.9,1.4231,4.0,0.2,5.2,1.4,0.6,1.0
2002-04-01,1.4,-1.1,4.0,1.4434,0.4,5.2,1.5,1.6,1.2,-4.9,1.4225,4.0,0.2,5.2,0.8,1.1,1.0
2002-05-01,0.8,-4.1,4.0,1.4593,0.9,5.2,1.4,1.5,0.8,-1.1,1.4434,4.0,0.4,5.2,0.6,1.0,1.4
2002-06-01,0.6,-6.0,4.0,1.4863,0.4,5.2,0.8,1.5,1.1,-4.1,1.4593,4.0,0.9,5.2,1.1,1.0,1.5
2002-07-01,1.1,-5.3,4.0,1.5546,0.1,5.2,0.6,1.4,1.6,-6.0,1.4863,4.0,0.4,5.2,1.0,1.4,1.7
2002-08-01,1.0,-4.2,4.0,1.5377,-0.4,5.3,1.1,0.8,1.5,-5.3,1.5546,4.0,0.1,5.2,1.0,1.5,1.3
2002-09-01,1.0,-2.6,4.0,1.5561,0.7,5.2,1.0,0.6,1.5,-4.2,1.5377,4.0,-0.4,5.3,1.4,1.7,1.6
2002-10-01,1.4,-0.6,4.0,1.5574,1.0,5.2,1.0,1.1,1.4,-2.6,1.5561,4.0,0.7,5.2,1.5,1.3,1.5
2002-11-01,1.5,4.1,4.0,1.5723,1.4,5.1,1.4,1.0,0.8,-0.6,1.5574,4.0,1.0,5.2,1.7,1.6,1.4
2002-12-01,1.7,5.8,4.0,1.5863,0.7,5.0,1.5,1.0,0.6,4.1,1.5723,4.0,1.4,5.1,1.3,1.5,1.3
2003-01-01,1.3,7.2,3.75,1.6169,0.6,5.1,1.7,1.4,1.1,5.8,1.5863,4.0,0.7,5.0,1.6,1.4,1.1
2003-02-01,1.6,9.1,4.0,1.6085,0.7,5.2,1.3,1.5,1.0,7.2,1.6169,3.75,0.6,5.1,1.5,1.3,1.3
2003-03-01,1.5,11.5,4.0,1.5836,0.7,5.1,1.6,1.7,1.0,9.1,1.6085,4.0,0.7,5.2,1.4,1.1,1.4
2003-04-01,1.4,4.5,4.0,1.5747,0.8,5.0,1.5,1.3,1.4,11.5,1.5836,4.0,0.7,5.1,1.3,1.3,1.4
2003-05-01,1.3,0.9,4.0,1.623,0.7,4.9,1.4,1.6,1.5,4.5,1.5747,4.0,0.8,5.0,1.1,1.4,1.4
2003-06-01,1.1,0.9,4.0,1.6606,1.0,5.1,1.3,1.5,1.7,0.9,1.623,4.0,0.7,4.9,1.3,1.4,1.3
2003-07-01,1.3,1.9,4.0,1.6242,0.9,5.1,1.1,1.4,1.3,0.9,1.6606,4.0,1.0,5.1,1.4,1.4,1.3
2003-08-01,1.4,3.1,4.0,1.595,1.1,5.0,1.3,1.3,1.6,1.9,1.6242,4.0,0.9,5.1,1.4,1.3,1.4
2003-09-01,1.4,2.1,4.0,1.6131,1.0,5.0,1.4,1.1,1.5,3.1,1.595,4.0,1.1,5.0,1.4,1.3,1.3
2003-10-01,1.4,1.8,4.0,1.6787,1.1,4.9,1.4,1.3,1.4,2.1,1.6131,4.0,1.0,5.0,1.3,1.4,1.1
2003-11-01,1.3,2.7,3.75,1.6901,0.9,4.9,1.4,1.4,1.3,1.8,1.6787,4.0,1.1,4.9,1.3,1.3,1.1
2003-12-01,1.3,3.1,3.75,1.7507,0.8,4.8,1.3,1.4,1.1,2.7,1.6901,3.75,0.9,4.9,1.4,1.1,1.5
2004-01-01,1.4,1.3,4.0,1.8234,0.4,4.8,1.3,1.4,1.3,3.1,1.7507,3.75,0.8,4.8,1.3,1.1,1.6
2004-02-01,1.3,-0.4,3.75,1.8673,0.4,4.8,1.4,1.3,1.4,1.3,1.8234,4.0,0.4,4.8,1.1,1.5,1.4
2004-03-01,1.1,-2.8,3.75,1.8267,0.2,4.8,1.3,1.3,1.4,-0.4,1.8673,3.75,0.4,4.8,1.1,1.6,1.3
2004-04-01,1.1,0.0,3.75,1.8005,0.2,4.8,1.1,1.4,1.4,-2.8,1.8267,3.75,0.2,4.8,1.5,1.4,1.1
2004-05-01,1.5,8.9,3.75,1.7876,0.2,4.8,1.1,1.3,1.3,0.0,1.8005,3.75,0.2,4.8,1.6,1.3,1.2
2004-06-01,1.6,9.5,3.75,1.8275,0.4,4.8,1.5,1.1,1.3,8.9,1.7876,3.75,0.2,4.8,1.4,1.1,1.5
2004-07-01,1.4,8.1,3.75,1.8429,0.5,4.7,1.6,1.1,1.4,9.5,1.8275,3.75,0.4,4.8,1.3,1.2,1.7
2004-08-01,1.3,8.1,3.75,1.8216,0.4,4.7,1.4,1.5,1.3,8.1,1.8429,3.75,0.5,4.7,1.1,1.5,1.6
2004-09-01,1.1,8.0,3.75,1.7922,0.3,4.7,1.3,1.6,1.1,8.1,1.8216,3.75,0.4,4.7,1.2,1.7,1.7
2004-10-01,1.2,11.1,4.0,1.8065,0.2,4.7,1.1,1.4,1.1,8.0,1.7922,3.75,0.3,4.7,1.5,1.6,1.9
2004-11-01,1.5,11.9,4.0,1.8603,0.5,4.7,1.2,1.3,1.5,11.1,1.8065,4.0,0.2,4.7,1.7,1.7,1.9
2004-12-01,1.7,9.1,3.75,1.9275,0.6,4.7,1.5,1.1,1.6,11.9,1.8603,4.0,0.5,4.7,1.6,1.9,1.9
2005-01-01,1.6,5.2,4.75,1.8764,0.8,4.8,1.7,1.2,1.4,9.1,1.9275,3.75,0.6,4.7,1.7,1.9,2.0
2005-02-01,1.7,6.4,4.75,1.8871,0.9,4.7,1.6,1.5,1.3,5.2,1.8764,4.75,0.8,4.8,1.9,1.9,2.3
2005-03-01,1.9,8.1,4.75,1.9078,0.9,4.7,1.7,1.7,1.1,6.4,1.8871,4.75,0.9,4.7,1.9,2.0,2.4
2005-04-01,1.9,11.4,4.75,1.896,0.8,4.8,1.9,1.6,1.2,8.1,1.9078,4.75,0.9,4.7,1.9,2.3,2.5
2005-05-01,1.9,5.5,4.75,1.8538,0.6,4.8,1.9,1.7,1.5,11.4,1.896,4.75,0.8,4.8,2.0,2.4,2.3
2005-06-01,2.0,6.6,4.75,1.8179,0.9,4.7,1.9,1.9,1.7,5.5,1.8538,4.75,0.6,4.8,2.3,2.5,2.1
2005-07-01,2.3,11.3,4.75,1.7509,0.9,4.7,2.0,1.9,1.6,6.6,1.8179,4.75,0.9,4.7,2.4,2.3,1.9
2005-08-01,2.4,13.7,4.75,1.7943,1.2,4.7,2.3,1.9,1.7,11.3,1.7509,4.75,0.9,4.7,2.5,2.1,1.9
2005-09-01,2.5,18.4,4.75,1.8081,1.0,4.9,2.4,2.0,1.9,13.7,1.7943,4.75,1.2,4.7,2.3,1.9,2.0
2005-10-01,2.3,14.0,4.75,1.764,0.9,5.1,2.5,2.3,1.9,18.4,1.8081,4.75,1.0,4.9,2.1,1.9,1.8
2005-11-01,2.1,8.6,4.75,1.7341,0.9,5.1,2.3,2.4,1.9,14.0,1.764,4.75,0.9,5.1,1.9,2.0,2.0
2005-12-01,1.9,8.0,4.75,1.7462,1.1,5.1,2.1,2.5,2.0,8.6,1.7341,4.75,0.9,5.1,1.9,1.8,2.2
2006-01-01,1.9,13.6,4.5,1.7678,1.5,5.2,1.9,2.3,2.3,8.0,1.7462,4.75,1.1,5.1,2.0,2.0,2.5
2006-02-01,2.0,12.9,4.5,1.747,1.1,5.2,1.9,2.1,2.4,13.6,1.7678,4.5,1.5,5.2,1.8,2.2,2.4
2006-03-01,1.8,10.1,4.5,1.7435,0.5,5.3,2.0,1.9,2.5,12.9,1.747,4.5,1.1,5.2,2.0,2.5,2.5
2006-04-01,2.0,9.6,4.5,1.7685,0.0,5.4,1.8,1.9,2.3,10.1,1.7435,4.5,0.5,5.3,2.2,2.4,2.4
2006-05-01,2.2,13.8,4.5,1.8702,0.1,5.5,2.0,2.0,2.1,9.6,1.7685,4.5,0.0,5.4,2.5,2.5,2.4
2006-06-01,2.5,12.4,4.5,1.8428,0.2,5.5,2.2,1.8,1.9,13.8,1.8702,4.5,0.1,5.5,2.4,2.4,2.7
2006-07-01,2.4,10.7,4.5,1.8447,0.3,5.5,2.5,2.0,1.9,12.4,1.8428,4.5,0.2,5.5,2.5,2.4,3.0
2006-08-01,2.5,7.6,4.5,1.8944,0.1,5.5,2.4,2.2,2.0,10.7,1.8447,4.5,0.3,5.5,2.4,2.7,2.7
2006-09-01,2.4,-3.4,4.5,1.8847,0.1,5.5,2.5,2.5,1.8,7.6,1.8944,4.5,0.1,5.5,2.4,3.0,2.8
2006-10-01,2.4,-7.6,4.5,1.8755,0.0,5.4,2.4,2.4,2.0,-3.4,1.8847,4.5,0.1,5.5,2.7,2.7,3.1
2006-11-01,2.7,-4.6,4.5,1.9119,0.1,5.5,2.4,2.5,2.2,-7.6,1.8755,4.5,0.0,5.4,3.0,2.8,2.8
2006-12-01,3.0,0.6,4.5,1.9633,0.3,5.5,2.7,2.4,2.5,-4.6,1.9119,4.5,0.1,5.5,2.7,3.1,2.5
2007-01-01,2.7,-2.6,5.25,1.9587,0.8,5.5,3.0,2.4,2.4,0.6,1.9633,4.5,0.3,5.5,2.8,2.8,2.4
2007-02-01,2.8,-4.3,5.0,1.9581,1.2,5.5,2.7,2.7,2.5,-2.6,1.9587,5.25,0.8,5.5,3.1,2.5,1.9
2007-03-01,3.1,-1.7,5.0,1.9471,1.2,5.5,2.8,3.0,2.4,-4.3,1.9581,5.0,1.2,5.5,2.8,2.4,1.8
2007-04-01,2.8,-1.7,5.0,1.9909,1.1,5.4,3.1,2.7,2.4,-1.7,1.9471,5.0,1.2,5.5,2.5,1.9,1.8
2007-05-01,2.5,-2.0,5.0,1.9836,1.0,5.4,2.8,2.8,2.7,-1.7,1.9909,5.0,1.1,5.4,2.4,1.8,2.1
2007-06-01,2.4,0.3,5.25,1.9864,1.0,5.3,2.5,3.1,3.0,-2.0,1.9836,5.0,1.0,5.4,1.9,1.8,2.1
2007-07-01,1.9,-1.8,5.25,2.0338,0.9,5.3,2.4,2.8,2.7,0.3,1.9864,5.25,1.0,5.3,1.8,2.1,2.1
2007-08-01,1.8,-2.4,5.0,2.0111,0.9,5.3,1.9,2.5,2.8,-1.8,2.0338,5.25,0.9,5.3,1.8,2.1,2.2
2007-09-01,1.8,2.9,5.0,2.0185,0.9,5.2,1.8,2.4,3.1,-2.4,2.0111,5.0,0.9,5.3,2.1,2.1,2.5
2007-10-01,2.1,11.7,5.0,2.0446,0.9,5.2,1.8,1.9,2.8,2.9,2.0185,5.0,0.9,5.2,2.1,2.2,2.5
2007-11-01,2.1,17.4,5.25,2.0701,0.8,5.2,2.1,1.8,2.5,11.7,2.0446,5.0,0.9,5.2,2.1,2.5,3.0
2007-12-01,2.1,17.0,5.25,2.0185,0.8,5.2,2.1,1.8,2.4,17.4,2.0701,5.25,0.8,5.2,2.2,2.5,3.3
2008-01-01,2.2,20.2,5.5,1.9698,0.9,5.2,2.1,2.1,1.9,17.0,2.0185,5.25,0.8,5.2,2.5,3.0,3.8
2008-02-01,2.5,21.4,5.5,1.9638,1.0,5.2,2.2,2.1,1.8,20.2,1.9698,5.5,0.9,5.2,2.5,3.3,4.4
2008-03-01,2.5,22.3,5.5,2.0032,0.5,5.3,2.5,2.1,1.8,21.4,1.9638,5.5,1.0,5.2,3.0,3.8,4.7
2008-04-01,3.0,20.3,5.5,1.9817,0.3,5.2,2.5,2.2,2.1,22.3,2.0032,5.5,0.5,5.3,3.3,4.4,5.2
2008-05-01,3.3,21.3,5.5,1.9641,-0.5,5.4,3.0,2.5,2.1,20.3,1.9817,5.5,0.3,5.2,3.8,4.7,4.5
2008-06-01,3.8,26.8,5.5,1.9658,-0.4,5.5,3.3,2.5,2.1,21.3,1.9641,5.5,-0.5,5.4,4.4,5.2,4.1
2008-07-01,4.4,29.3,5.5,1.988,-1.1,5.7,3.8,3.0,2.2,26.8,1.9658,5.5,-0.4,5.5,4.7,4.5,3.1
2008-08-01,4.7,22.8,5.5,1.8889,-1.0,5.9,4.4,3.3,2.5,29.3,1.988,5.5,-1.1,5.7,5.2,4.1,3.0
2008-09-01,5.2,22.2,5.5,1.7986,-1.6,6.0,4.7,3.8,2.5,22.8,1.8889,5.5,-1.0,5.9,4.5,3.1,3.2
2008-10-01,4.5,13.0,5.5,1.69,-1.6,6.2,5.2,4.4,3.0,22.2,1.7986,5.5,-1.6,6.0,4.1,3.0,2.9
2008-11-01,4.1,-3.1,5.5,1.5338,-2.2,6.4,4.5,4.7,3.3,13.0,1.69,5.5,-1.6,6.2,3.1,3.2,2.3
2008-12-01,3.1,-11.0,5.25,1.4859,-2.1,6.5,4.1,5.2,3.8,-3.1,1.5338,5.5,-2.2,6.4,3.0,2.9,2.2
2009-01-01,3.0,-14.9,0.5,1.4452,-2.4,6.7,3.1,4.5,4.4,-11.0,1.4859,5.25,-2.1,6.5,3.2,2.3,1.8
2009-02-01,3.2,-11.7,2.0,1.4411,-2.0,7.1,3.0,4.1,4.7,-14.9,1.4452,0.5,-2.4,6.7,2.9,2.2,1.8
2009-03-01,2.9,-15.1,1.5,1.4174,-2.0,7.3,3.2,3.1,5.2,-11.7,1.4411,2.0,-2.0,7.1,2.3,1.8,1.6
2009-04-01,2.3,-13.0,1.5,1.4715,-1.1,7.6,2.9,3.0,4.5,-15.1,1.4174,1.5,-2.0,7.3,2.2,1.8,1.1
2009-05-01,2.2,-14.1,2.0,1.5429,-1.0,7.8,2.3,3.2,4.1,-13.0,1.4715,1.5,-1.1,7.6,1.8,1.6,1.5
2009-06-01,1.8,-15.8,2.0,1.6366,-0.4,7.9,2.2,2.9,3.1,-14.1,1.5429,2.0,-1.0,7.8,1.8,1.1,1.9
2009-07-01,1.8,-17.2,2.0,1.6366,-0.4,7.9,1.8,2.3,3.0,-15.8,1.6366,2.0,-0.4,7.9,1.6,1.5,2.9
2009-08-01,1.6,-12.1,1.5,1.6539,0.1,7.8,1.8,2.2,3.2,-17.2,1.6366,2.0,-0.4,7.9,1.1,1.9,3.5
2009-09-01,1.1,-8.2,1.5,1.6328,0.1,7.9,1.6,1.8,2.9,-12.1,1.6539,1.5,0.1,7.8,1.5,2.9,3.0
2009-10-01,1.5,-4.5,1.0,1.6199,0.1,7.8,1.1,1.8,2.3,-8.2,1.6328,1.5,0.1,7.9,1.9,3.5,3.4
2009-11-01,1.9,10.5,1.0,1.6597,0.2,7.8,1.5,1.6,2.2,-4.5,1.6199,1.0,0.1,7.8,2.9,3.0,3.7
2009-12-01,2.9,18.1,1.5,1.6239,0.4,7.7,1.9,1.1,1.8,10.5,1.6597,1.0,0.2,7.8,3.5,3.4,3.4
2010-01-01,3.5,25.5,0.5,1.6162,0.4,7.9,2.9,1.5,1.8,18.1,1.6239,1.5,0.4,7.7,3.0,3.7,3.2
2010-02-01,3.0,21.1,0.5,1.5615,0.6,8.0,3.5,1.9,1.6,25.5,1.6162,0.5,0.4,7.9,3.4,3.4,3.1
2010-03-01,3.4,25.6,0.5,1.5053,0.9,8.0,3.0,2.9,1.1,21.1,1.5615,0.5,0.6,8.0,3.7,3.2,3.1
2010-04-01,3.7,25.5,0.5,1.534,1.7,7.9,3.4,3.5,1.5,25.6,1.5053,0.5,0.9,8.0,3.4,3.1,3.1
2010-05-01,3.4,23.3,0.5,1.4627,1.7,7.9,3.7,3.0,1.9,25.5,1.534,0.5,1.7,7.9,3.2,3.1,3.2
2010-06-01,3.2,15.4,0.5,1.4761,1.2,7.8,3.4,3.4,2.9,23.3,1.4627,0.5,1.7,7.9,3.1,3.1,3.3
2010-07-01,3.1,14.8,0.5,1.5299,0.8,7.8,3.2,3.7,3.5,15.4,1.4761,0.5,1.2,7.8,3.1,3.2,3.7
2010-08-01,3.1,13.3,0.5,1.566,0.5,7.8,3.1,3.4,3.0,14.8,1.5299,0.5,0.8,7.8,3.1,3.3,4.0
2010-09-01,3.1,8.5,0.5,1.5578,0.6,7.9,3.1,3.2,3.4,13.3,1.566,0.5,0.5,7.8,3.2,3.7,4.4
2010-10-01,3.2,12.0,0.5,1.5862,0.5,7.9,3.1,3.1,3.7,8.5,1.5578,0.5,0.6,7.9,3.3,4.0,4.0
2010-11-01,3.3,10.2,0.5,1.5961,0.5,7.9,3.2,3.1,3.4,12.0,1.5862,0.5,0.5,7.9,3.7,4.4,4.5
2010-12-01,3.7,14.4,0.5,1.5603,0.0,7.9,3.3,3.1,3.2,10.2,1.5961,0.5,0.5,7.9,4.0,4.0,4.5
2011-01-01,4.0,15.8,0.5,1.5795,-0.5,7.8,3.7,3.2,3.1,14.4,1.5603,0.5,0.0,7.9,4.4,4.5,4.2
2011-02-01,4.4,16.7,0.5,1.613,-0.6,7.8,4.0,3.3,3.1,15.8,1.5795,0.5,-0.5,7.8,4.0,4.5,4.4
2011-03-01,4.0,16.7,0.5,1.6159,0.1,7.7,4.4,3.7,3.1,16.7,1.613,0.5,-0.6,7.8,4.5,4.2,4.5
2011-04-01,4.5,13.2,0.5,1.6345,0.2,7.8,4.0,4.0,3.2,16.7,1.6159,0.5,0.1,7.7,4.5,4.4,5.2
2011-05-01,4.5,13.9,0.5,1.6312,0.3,7.9,4.5,4.4,3.3,13.2,1.6345,0.5,0.2,7.8,4.2,4.5,5.0
2011-06-01,4.2,16.5,0.5,1.6214,0.0,8.0,4.5,4.0,3.7,13.9,1.6312,0.5,0.3,7.9,4.4,5.2,4.8
2011-07-01,4.4,15.6,0.5,1.6145,0.5,8.2,4.2,4.5,4.0,16.5,1.6214,0.5,0.0,8.0,4.5,5.0,4.2
2011-08-01,4.5,17.7,0.5,1.6348,0.4,8.3,4.4,4.5,4.4,15.6,1.6145,0.5,0.5,8.2,5.2,4.8,3.6
2011-09-01,5.2,18.8,0.5,1.5783,0.3,8.4,4.5,4.2,4.0,17.7,1.6348,0.5,0.4,8.3,5.0,4.2,3.4
2011-10-01,5.0,16.2,0.5,1.576,-0.4,8.5,5.2,4.4,4.5,18.8,1.5783,0.5,0.3,8.4,4.8,3.6,3.5
2011-11-01,4.8,14.0,0.5,1.5804,-0.2,8.4,5.0,4.5,4.5,16.2,1.576,0.5,-0.4,8.5,4.2,3.4,3.0
2011-12-01,4.2,9.2,0.5,1.5585,0.2,8.3,4.8,5.2,4.2,14.0,1.5804,0.5,-0.2,8.4,3.6,3.5,2.8
2012-01-01,3.6,4.9,0.5,1.551,1.4,8.3,4.2,5.0,4.4,9.2,1.5585,0.5,0.2,8.3,3.4,3.0,2.4
2012-02-01,3.4,5.6,0.5,1.5802,1.4,8.2,3.6,4.8,4.5,4.9,1.551,0.5,1.4,8.3,3.5,2.8,2.6
2012-03-01,3.5,4.5,0.5,1.5823,1.0,8.2,3.4,4.2,5.2,5.6,1.5802,0.5,1.4,8.2,3.0,2.4,2.5
2012-04-01,3.0,5.7,0.5,1.6014,-0.2,8.1,3.5,3.6,5.0,4.5,1.5823,0.5,1.0,8.2,2.8,2.6,2.2
2012-05-01,2.8,1.6,0.5,1.5905,0.0,8.0,3.0,3.4,4.8,5.7,1.6014,0.5,-0.2,8.1,2.4,2.5,2.7
2012-06-01,2.4,-2.8,0.5,1.5571,-0.1,8.0,2.8,3.5,4.2,1.6,1.5905,0.5,0.0,8.0,2.6,2.2,2.7
2012-07-01,2.6,-1.8,0.5,1.5589,0.8,7.9,2.4,3.0,3.6,-2.8,1.5571,0.5,-0.1,8.0,2.5,2.7,2.7
2012-08-01,2.5,-0.6,0.5,1.5719,0.7,7.8,2.6,2.8,3.4,-1.8,1.5589,0.5,0.8,7.9,2.2,2.7,2.7
2012-09-01,2.2,3.1,0.5,1.6116,1.0,7.8,2.5,2.4,3.5,-0.6,1.5719,0.5,0.7,7.8,2.7,2.7,2.8
2012-10-01,2.7,2.9,0.5,1.6079,0.5,7.8,2.2,2.6,3.0,3.1,1.6116,0.5,1.0,7.8,2.7,2.7,2.8
2012-11-01,2.7,1.0,0.5,1.5961,0.1,7.8,2.7,2.5,2.8,2.9,1.6079,0.5,0.5,7.8,2.7,2.8,2.4
2012-12-01,2.7,0.3,0.5,1.6144,-0.1,7.8,2.7,2.2,2.4,1.0,1.5961,0.5,0.1,7.8,2.7,2.8,2.7
2013-01-01,2.7,-0.4,0.5,1.5957,-0.1,8.0,2.7,2.7,2.6,0.3,1.6144,0.5,-0.1,7.8,2.8,2.4,2.9
2013-02-01,2.8,0.7,0.5,1.5478,0.1,7.8,2.7,2.7,2.5,-0.4,1.5957,0.5,-0.1,8.0,2.8,2.7,2.8
2013-03-01,2.8,1.5,0.5,1.5076,0.2,7.8,2.8,2.7,2.2,0.7,1.5478,0.5,0.1,7.8,2.4,2.9,2.7
2013-04-01,2.4,-3.6,0.5,1.5316,0.6,7.7,2.8,2.7,2.7,1.5,1.5076,0.5,0.2,7.8,2.7,2.8,2.7
2013-05-01,2.7,-3.7,0.5,1.5285,0.6,7.7,2.4,2.8,2.7,-3.6,1.5316,0.5,0.6,7.7,2.9,2.7,2.2
2013-06-01,2.9,1.8,0.5,1.5478,0.7,7.7,2.7,2.8,2.7,-3.7,1.5285,0.5,0.6,7.7,2.8,2.7,2.1
2013-07-01,2.8,1.8,0.5,1.5172,0.6,7.7,2.9,2.4,2.7,1.8,1.5478,0.5,0.7,7.7,2.7,2.2,2.0
2013-08-01,2.7,1.8,0.5,1.5507,0.7,7.6,2.8,2.7,2.8,1.8,1.5172,0.5,0.6,7.7,2.7,2.1,1.9
2013-09-01,2.7,-0.9,0.5,1.5865,0.7,7.4,2.7,2.9,2.8,1.8,1.5507,0.5,0.7,7.6,2.2,2.0,1.7
2013-10-01,2.2,-4.2,0.5,1.6094,0.8,7.2,2.7,2.8,2.4,-0.9,1.5865,0.5,0.7,7.4,2.1,1.9,1.6
2013-11-01,2.1,-3.7,0.5,1.6104,0.8,7.2,2.2,2.7,2.7,-4.2,1.6094,0.5,0.8,7.2,2.0,1.7,1.8
2013-12-01,2.0,-1.7,0.5,1.6375,0.7,7.1,2.1,2.7,2.9,-3.7,1.6104,0.5,0.8,7.2,1.9,1.6,1.5
2014-01-01,1.9,-1.4,0.5,1.647,0.4,6.9,2.0,2.2,2.8,-1.7,1.6375,0.5,0.7,7.1,1.7,1.8,1.9
2014-02-01,1.7,-4.9,0.5,1.6567,0.4,6.7,1.9,2.1,2.7,-1.4,1.647,0.5,0.4,6.9,1.6,1.5,1.6
2014-03-01,1.6,-7.9,0.5,1.6622,0.9,6.6,1.7,2.0,2.7,-4.9,1.6567,0.5,0.4,6.7,1.8,1.9,1.5
2014-04-01,1.8,-5.6,0.5,1.6743,1.2,6.4,1.6,1.9,2.2,-7.9,1.6622,0.5,0.9,6.6,1.5,1.6,1.2
2014-05-01,1.5,-2.5,0.5,1.6844,1.2,6.3,1.8,1.7,2.1,-5.6,1.6743,0.5,1.2,6.4,1.9,1.5,1.3
2014-06-01,1.9,-3.3,0.5,1.6906,1.0,6.1,1.5,1.6,2.0,-2.5,1.6844,0.5,1.2,6.3,1.6,1.2,1.0
2014-07-01,1.6,-2.4,0.5,1.7069,1.0,6.0,1.9,1.8,1.9,-3.3,1.6906,0.5,1.0,6.1,1.5,1.3,0.5
2014-08-01,1.5,-5.8,0.5,1.6709,0.9,6.0,1.6,1.5,1.7,-2.4,1.7069,0.5,1.0,6.0,1.2,1.0,0.3
2014-09-01,1.2,-7.0,0.5,1.6305,0.9,5.9,1.5,1.9,1.6,-5.8,1.6709,0.5,0.9,6.0,1.3,0.5,0.0
2014-10-01,1.3,-5.0,0.5,1.6068,0.7,5.9,1.2,1.6,1.8,-7.0,1.6305,0.5,0.9,5.9,1.0,0.3,0.0
2014-11-01,1.0,-6.2,0.5,1.578,0.7,5.7,1.3,1.5,1.5,-5.0,1.6068,0.5,0.7,5.9,0.5,0.0,-0.1
2014-12-01,0.5,-9.6,0.5,1.564,0.6,5.6,1.0,1.2,1.9,-6.2,1.578,0.5,0.7,5.7,0.3,0.0,0.1
2015-01-01,0.3,-17.0,0.5,1.5143,0.3,5.6,0.5,1.3,1.6,-9.6,1.564,0.5,0.6,5.6,0.0,-0.1,0.0
2015-02-01,0.0,-17.2,0.5,1.5334,0.2,5.5,0.3,1.0,1.5,-17.0,1.5143,0.5,0.3,5.6,0.0,0.1,0.1
2015-03-01,0.0,-14.3,0.5,1.4957,0.2,5.5,0.0,0.5,1.2,-17.2,1.5334,0.5,0.2,5.5,-0.1,0.0,0.0
2015-04-01,-0.1,-13.3,0.5,1.4967,0.4,5.6,0.0,0.3,1.3,-14.3,1.4957,0.5,0.2,5.5,0.1,0.1,-0.1
2015-05-01,0.1,-11.9,0.5,1.547,0.5,5.6,-0.1,0.0,1.0,-13.3,1.4967,0.5,0.4,5.6,0.0,0.0,-0.1
2015-06-01,0.0,-11.2,0.5,1.5568,0.4,5.5,0.1,0.0,0.5,-11.9,1.547,0.5,0.5,5.6,0.1,-0.1,0.1
2015-07-01,0.1,-12.4,0.5,1.556,0.3,5.4,0.0,-0.1,0.3,-11.2,1.5568,0.5,0.4,5.5,0.0,-0.1,0.2
2015-08-01,0.0,-13.2,0.5,1.5583,0.2,5.3,0.1,0.1,0.0,-12.4,1.556,0.5,0.3,5.4,-0.1,0.1,0.3
2015-09-01,-0.1,-15.8,0.5,1.5326,0.3,5.2,0.0,0.0,0.0,-13.2,1.5583,0.5,0.2,5.3,-0.1,0.2,0.3
2015-10-01,-0.1,-15.0,0.5,1.5339,0.3,5.1,-0.1,0.1,-0.1,-15.8,1.5326,0.5,0.3,5.2,0.1,0.3,0.5
2015-11-01,0.1,-14.0,0.5,1.519,0.4,5.1,-0.1,0.0,0.1,-15.0,1.5339,0.5,0.3,5.1,0.2,0.3,0.3
2015-12-01,0.2,-14.0,0.5,1.4983,0.5,5.1,0.1,-0.1,0.0,-14.0,1.519,0.5,0.4,5.1,0.3,0.5,0.3
2016-01-01,0.3,-8.7,0.5,1.4379,0.5,5.1,0.2,-0.1,0.1,-14.0,1.4983,0.5,0.5,5.1,0.3,0.3,0.5
2016-02-01,0.3,-8.7,0.5,1.4296,0.7,5.1,0.3,0.1,0.0,-8.7,1.4379,0.5,0.5,5.1,0.5,0.3,0.6
2016-03-01,0.5,-10.6,0.5,1.425,0.6,5.0,0.3,0.2,-0.1,-8.7,1.4296,0.5,0.7,5.1,0.3,0.5,0.6
2016-04-01,0.3,-8.5,0.5,1.4312,0.9,4.9,0.5,0.3,-0.1,-10.6,1.425,0.5,0.6,5.0,0.3,0.6,1.0
2016-05-01,0.3,-7.7,0.5,1.4518,0.7,4.9,0.3,0.3,0.1,-8.5,1.4312,0.5,0.9,4.9,0.5,0.6,0.9
2016-06-01,0.5,-5.6,0.5,1.4209,0.8,4.9,0.3,0.5,0.2,-7.7,1.4518,0.5,0.7,4.9,0.6,1.0,1.2
2016-07-01,0.6,-4.2,0.5,1.3141,0.4,5.0,0.5,0.3,0.3,-5.6,1.4209,0.5,0.8,4.9,0.6,0.9,1.6
2016-08-01,0.6,-4.2,0.5,1.31,0.5,4.8,0.6,0.3,0.3,-4.2,1.3141,0.5,0.4,5.0,1.0,1.2,1.8
2016-09-01,1.0,1.7,0.5,1.3142,0.5,4.8,0.6,0.5,0.5,-4.2,1.31,0.5,0.5,4.8,0.9,1.6,2.3
2016-10-01,0.9,4.1,0.5,1.2329,0.7,4.8,1.0,0.6,0.3,1.7,1.3142,0.5,0.5,4.8,1.2,1.8,2.3
2016-11-01,1.2,9.0,0.5,1.2431,0.7,4.7,0.9,0.6,0.3,4.1,1.2329,0.5,0.7,4.8,1.6,2.3,2.7
2016-12-01,1.6,10.8,0.5,1.2488,0.7,4.7,1.2,1.0,0.5,9.0,1.2431,0.5,0.7,4.7,1.8,2.3,2.9
2017-01-01,1.8,18.1,0.25,1.2351,1.0,4.6,1.6,0.9,0.6,10.8,1.2488,0.5,0.7,4.7,2.3,2.7,2.6
2017-02-01,2.3,21.3,0.25,1.249,1.1,4.6,1.8,1.2,0.6,18.1,1.2351,0.25,1.0,4.6,2.3,2.9,2.6
2017-03-01,2.3,19.6,0.25,1.2348,1.0,4.5,2.3,1.6,1.0,21.3,1.249,0.25,1.1,4.6,2.7,2.6,2.9
2017-04-01,2.7,13.1,0.25,1.2652,0.7,4.4,2.3,1.8,0.9,19.6,1.2348,0.25,1.0,4.5,2.9,2.6,3.0
2017-05-01,2.9,8.2,0.25,1.2933,0.7,4.4,2.7,2.3,1.2,13.1,1.2652,0.25,0.7,4.4,2.6,2.9,3.0
2017-06-01,2.6,5.2,0.25,1.2813,0.9,4.3,2.9,2.3,1.6,8.2,1.2933,0.25,0.7,4.4,2.6,3.0,3.1
2017-07-01,2.6,2.4,0.25,1.2994,0.8,4.3,2.6,2.7,1.8,5.2,1.2813,0.25,0.9,4.3,2.9,3.0,3.0
2017-08-01,2.9,6.5,0.25,1.2955,0.7,4.3,2.6,2.9,2.3,2.4,1.2994,0.25,0.8,4.3,3.0,3.1,3.0
2017-09-01,3.0,6.7,0.25,1.3324,0.6,4.2,2.9,2.6,2.3,6.5,1.2955,0.25,0.7,4.3,3.0,3.0,2.7
2017-10-01,3.0,4.7,0.25,1.3197,0.6,4.3,3.0,2.6,2.7,6.7,1.3324,0.25,0.6,4.2,3.1,3.0,2.5
2017-11-01,3.1,3.3,0.25,1.3219,0.7,4.4,3.0,2.9,2.9,4.7,1.3197,0.25,0.6,4.3,3.0,2.7,2.4
2017-12-01,3.0,5.6,0.25,1.3402,0.7,4.3,3.1,3.0,2.6,3.3,1.3219,0.25,0.7,4.4,3.0,2.5,2.4
2018-01-01,3.0,2.6,0.5,1.3832,0.5,4.2,3.0,3.0,2.6,5.6,1.3402,0.25,0.7,4.3,2.7,2.4,2.4
2018-02-01,2.7,1.8,0.5,1.3961,0.3,4.2,3.0,3.1,2.9,2.6,1.3832,0.5,0.5,4.2,2.5,2.4,2.5
2018-03-01,2.5,0.6,0.5,1.397,0.1,4.2,2.7,3.0,3.0,1.8,1.3961,0.5,0.3,4.2,2.4,2.4,2.7
2018-04-01,2.4,4.0,0.5,1.4083,-0.1,4.2,2.5,3.0,3.0,0.6,1.397,0.5,0.1,4.2,2.4,2.5,2.4
2018-05-01,2.4,9.0,0.5,1.3459,-0.1,4.0,2.4,2.7,3.1,4.0,1.4083,0.5,-0.1,4.2,2.4,2.7,2.4
2018-06-01,2.4,12.6,0.5,1.3288,0.2,4.0,2.4,2.5,3.0,9.0,1.3459,0.5,-0.1,4.0,2.5,2.4,2.3
2018-07-01,2.5,13.4,0.5,1.3169,0.4,4.0,2.4,2.4,3.0,12.6,1.3288,0.5,0.2,4.0,2.7,2.4,2.1
2018-08-01,2.7,12.5,0.5,1.288,0.5,4.1,2.5,2.4,2.7,13.4,1.3169,0.5,0.4,4.0,2.4,2.3,1.8
2018-09-01,2.4,11.6,0.5,1.3062,0.3,4.1,2.7,2.4,2.5,12.5,1.288,0.5,0.5,4.1,2.4,2.1,1.9
2018-10-01,2.4,12.7,0.5,1.3012,0.3,4.0,2.4,2.5,2.4,11.6,1.3062,0.5,0.3,4.1,2.3,1.8,1.9
2018-11-01,2.3,10.2,0.5,1.2901,0.3,4.0,2.4,2.7,2.4,12.7,1.3012,0.5,0.3,4.0,2.1,1.9,2.1
2018-12-01,2.1,4.2,0.5,1.2661,0.1,3.9,2.3,2.4,2.4,10.2,1.2901,0.5,0.3,4.0,1.8,1.9,2.0
2019-01-01,1.8,1.9,0.75,1.2901,0.0,4.0,2.1,2.4,2.5,4.2,1.2661,0.5,0.1,3.9,1.9,2.1,2.0
2019-02-01,1.9,0.3,0.75,1.3017,0.1,3.8,1.8,2.3,2.7,1.9,1.2901,0.75,0.0,4.0,1.9,2.0,2.1
2019-03-01,1.9,3.0,0.75,1.3165,0.5,3.8,1.9,2.1,2.4,0.3,1.3017,0.75,0.1,3.8,2.1,2.0,1.7
2019-04-01,2.1,3.6,0.75,1.3036,0.5,3.8,1.9,1.8,2.4,3.0,1.3165,0.75,0.5,3.8,2.0,2.1,1.7
2019-05-01,2.0,3.8,0.75,1.2841,0.3,3.9,2.1,1.9,2.3,3.6,1.3036,0.75,0.5,3.8,2.0,1.7,1.5
2019-06-01,2.0,0.7,0.75,1.2679,0.2,3.9,2.0,1.9,2.1,3.8,1.2841,0.75,0.3,3.9,2.1,1.7,1.5
2019-07-01,2.1,-0.1,0.75,1.2469,0.6,3.9,2.0,2.1,1.8,0.7,1.2679,0.75,0.2,3.9,1.7,1.5,1.3
2019-08-01,1.7,-0.1,0.75,1.2155,0.8,3.9,2.1,2.0,1.9,-0.1,1.2469,0.75,0.6,3.9,1.7,1.5,1.8
2019-09-01,1.7,-1.9,0.75,1.2354,0.7,3.8,1.7,2.0,1.9,-0.1,1.2155,0.75,0.8,3.9,1.5,1.3,1.7
2019-10-01,1.5,-2.8,0.75,1.2647,0.3,3.8,1.7,2.1,2.1,-1.9,1.2354,0.75,0.7,3.8,1.5,1.8,1.5
2019-11-01,1.5,-3.5,0.75,1.2883,0.1,3.7,1.5,1.7,2.0,-2.8,1.2647,0.75,0.3,3.8,1.3,1.7,0.8
2019-12-01,1.3,0.4,0.75,1.3101,0.0,3.9,1.5,1.7,2.0,-3.5,1.2883,0.75,0.1,3.7,1.8,1.5,0.5
2020-01-01,1.8,4.3,0.1,1.3071,0.0,3.9,1.3,1.5,2.1,0.4,1.3101,0.75,0.0,3.9,1.7,0.8,0.6
2020-02-01,1.7,1.5,0.75,1.2957,0.1,4.1,1.8,1.5,1.7,4.3,1.3071,0.1,0.0,3.9,1.5,0.5,1.0
2020-03-01,1.5,-3.0,0.75,1.2364,-2.5,4.1,1.7,1.3,1.7,1.5,1.2957,0.75,0.1,4.1,0.8,0.6,0.2
2020-04-01,0.8,-13.2,0.75,1.241,-10.9,4.1,1.5,1.8,1.5,-3.0,1.2364,0.75,-2.5,4.1,0.5,1.0,0.5
2020-05-01,0.5,-18.7,0.75,1.23,-18.9,4.1,0.8,1.7,1.5,-13.2,1.241,0.75,-10.9,4.1,0.6,0.2,0.7
2020-06-01,0.6,-17.7,0.75,1.2526,-19.9,4.4,0.5,1.5,1.3,-18.7,1.23,0.75,-18.9,4.1,1.0,0.5,0.3
2020-07-01,1.0,-12.7,0.75,1.2691,-6.9,4.6,0.6,0.8,1.8,-17.7,1.2526,0.75,-19.9,4.4,0.2,0.7,0.6
2020-08-01,0.2,-12.6,0.75,1.3126,8.7,5.0,1.0,0.5,1.7,-12.7,1.2691,0.75,-6.9,4.6,0.5,0.3,0.7
2020-09-01,0.5,-12.2,0.75,1.2956,17.1,5.2,0.2,0.6,1.5,-12.6,1.3126,0.75,8.7,5.0,0.7,0.6,0.4
2020-10-01,0.7,-11.9,0.75,1.2985,12.3,5.2,0.5,1.0,0.8,-12.2,1.2956,0.75,17.1,5.2,0.3,0.7,0.7
2020-11-01,0.3,-11.6,0.75,1.3207,5.4,5.3,0.7,0.2,0.5,-11.9,1.2985,0.75,12.3,5.2,0.6,0.4,1.5
2020-12-01,0.6,-9.6,0.75,1.3432,1.5,5.2,0.3,0.5,0.6,-11.6,1.3207,0.75,5.4,5.3,0.7,0.7,2.1
2021-01-01,0.7,-9.6,0.1,1.3633,-1.4,5.0,0.6,0.7,1.0,-9.6,1.3432,0.75,1.5,5.2,0.4,1.5,2.5
2021-02-01,0.4,-2.9,0.1,1.387,-1.4,4.9,0.7,0.3,0.2,-9.6,1.3633,0.1,-1.4,5.0,0.7,2.1,2.0
2021-03-01,0.7,3.4,0.1,1.3859,-1.1,4.8,0.4,0.6,0.5,-2.9,1.387,0.1,-1.4,4.9,1.5,2.5,3.2
2021-04-01,1.5,14.7,0.1,1.3842,2.6,4.8,0.7,0.7,0.7,3.4,1.3859,0.1,-1.1,4.8,2.1,2.0,3.1
2021-05-01,2.1,19.6,0.1,1.4091,5.3,4.7,1.5,0.4,0.3,14.7,1.3842,0.1,2.6,4.8,2.5,3.2,4.2
2021-06-01,2.5,20.6,0.1,1.4027,7.0,4.6,2.1,0.7,0.6,19.6,1.4091,0.1,5.3,4.7,2.0,3.1,5.1
2021-07-01,2.0,18.3,0.1,1.3807,5.1,4.5,2.5,1.5,0.7,20.6,1.4027,0.1,7.0,4.6,3.2,4.2,5.4
2021-08-01,3.2,18.6,0.1,1.3799,3.0,4.4,2.0,2.1,0.4,18.3,1.3807,0.1,5.1,4.5,3.1,5.1,5.5
2021-09-01,3.1,18.7,0.1,1.3733,1.6,4.3,3.2,2.5,0.7,18.6,1.3799,0.1,3.0,4.4,4.2,5.4,6.2
2021-10-01,4.2,21.6,0.1,1.3696,1.5,4.2,3.1,2.0,1.5,18.7,1.3733,0.1,1.6,4.3,5.1,5.5,7.0
2021-11-01,5.1,29.4,0.1,1.3448,1.4,4.2,4.2,3.2,2.1,21.6,1.3696,0.1,1.5,4.2,5.4,6.2,9.0
2021-12-01,5.4,28.0,0.1,1.3301,1.2,4.1,5.1,3.1,2.5,29.4,1.3448,0.1,1.4,4.2,5.5,7.0,9.1
2022-01-01,5.5,24.5,0.25,1.3561,0.9,3.9,5.4,4.2,2.0,28.0,1.3301,0.1,1.2,4.1,6.2,9.0,9.4
2022-02-01,6.2,22.4,0.25,1.3538,0.7,3.8,5.5,5.1,3.2,24.5,1.3561,0.25,0.9,3.9,7.0,9.1,10.1
2022-03-01,7.0,33.3,0.5,1.3173,0.9,3.8,6.2,5.4,3.1,22.4,1.3538,0.25,0.7,3.8,9.0,9.4,9.9
2022-04-01,9.0,34.3,0.25,1.2917,0.8,3.7,7.0,5.5,4.2,33.3,1.3173,0.5,0.9,3.8,9.1,10.1,10.1
2022-05-01,9.1,36.2,0.25,1.2443,0.8,3.8,9.0,6.2,5.1,34.3,1.2917,0.25,0.8,3.7,9.4,9.9,11.1
2022-06-01,9.4,44.4,0.25,1.229,0.5,3.6,9.1,7.0,5.4,36.2,1.2443,0.25,0.8,3.8,10.1,10.1,10.7
2022-07-01,10.1,46.8,0.25,1.1989,0.4,3.6,9.4,9.0,5.5,44.4,1.229,0.25,0.5,3.6,9.9,11.1,10.5
2022-08-01,9.9,32.8,0.5,1.1999,0.1,3.7,10.1,9.1,6.2,46.8,1.1989,0.25,0.4,3.6,10.1,10.7,10.1
2022-09-01,10.1,30.2,0.5,1.1326,0.0,3.8,9.9,9.4,7.0,32.8,1.1999,0.5,0.1,3.7,11.1,10.5,10.4
2022-10-01,11.1,24.5,0.25,1.1307,0.0,3.9,10.1,10.1,9.0,30.2,1.1326,0.5,0.0,3.8,10.7,10.1,10.1
2022-11-01,10.7,21.1,0.25,1.1744,0.1,3.9,11.1,9.9,9.1,24.5,1.1307,0.25,0.0,3.9,10.5,10.4,8.7
2022-12-01,10.5,13.5,0.25,1.2184,0.4,3.9,10.7,10.1,9.4,21.1,1.1744,0.25,0.1,3.9,10.1,10.1,8.7
2023-01-01,10.1,10.3,3.5,1.2233,0.3,4.0,10.5,11.1,10.1,13.5,1.2184,0.25,0.4,3.9,10.4,8.7,7.9
2023-02-01,10.4,6.2,4.0,1.2086,0.2,4.0,10.1,10.7,9.9,10.3,1.2233,3.5,0.3,4.0,10.1,8.7,6.8
2023-03-01,10.1,-6.4,3.5,1.2135,0.1,3.9,10.4,10.5,10.1,6.2,1.2086,4.0,0.2,4.0,8.7,7.9,6.7
2023-04-01,8.7,-9.9,3.5,1.2452,0.1,4.0,10.1,10.1,11.1,-6.4,1.2135,3.5,0.1,3.9,8.7,6.8,6.7
2023-05-01,8.7,-14.2,3.5,1.2473,-0.1,4.2,8.7,10.4,10.7,-9.9,1.2452,3.5,0.1,4.0,7.9,6.7,4.6
2023-06-01,7.9,-23.4,3.5,1.2631,0.0,4.3,8.7,10.1,10.5,-14.2,1.2473,3.5,-0.1,4.2,6.8,6.7,3.9
2023-07-01,6.8,-26.0,4.0,1.2881,0.0,4.3,7.9,8.7,10.1,-23.4,1.2631,3.5,0.0,4.3,6.7,4.6,4.0
2023-08-01,6.7,-15.9,4.0,1.2707,0.2,4.1,6.8,8.7,10.4,-26.0,1.2881,4.0,0.0,4.3,6.7,3.9,4.0
2023-09-01,6.7,-10.3,3.5,1.2389,-0.1,4.0,6.7,7.9,10.1,-15.9,1.2707,4.0,0.2,4.1,4.6,4.0,3.4
2023-10-01,4.6,-7.1,3.5,1.2168,-0.3,4.0,6.7,6.8,8.7,-10.3,1.2389,3.5,-0.1,4.0,3.9,4.0,3.2
2023-11-01,3.9,-11.2,3.5,1.243,-0.4,3.9,4.6,6.7,8.7,-7.1,1.2168,3.5,-0.3,4.0,4.0,3.4,2.3
2023-12-01,4.0,-10.9,3.5,1.2653,-0.3,4.1,3.9,6.7,7.9,-11.2,1.243,3.5,-0.4,3.9,4.0,3.2,2.0
2024-01-01,4.0,-10.0,5.25,1.2701,0.0,4.2,4.0,4.6,6.8,-10.9,1.2653,3.5,-0.3,4.1,3.4,2.3,2.0
2024-02-01,3.4,-7.1,5.25,1.2622,0.2,4.3,4.0,3.9,6.7,-10.0,1.2701,5.25,0.0,4.2,3.2,2.0,2.2
2024-03-01,3.2,-4.0,5.25,1.2716,0.8,4.4,3.4,4.0,6.7,-7.1,1.2622,5.25,0.2,4.3,2.3,2.0,2.2
2024-04-01,2.3,0.4,5.25,1.2512,0.8,4.4,3.2,4.0,4.6,-4.0,1.2716,5.25,0.8,4.4,2.0,2.2,1.7
2024-05-01,2.0,2.8,5.25,1.2634,1.0,4.2,2.3,3.4,3.9,0.4,1.2512,5.25,0.8,4.4,2.0,2.2,2.3
2024-06-01,2.0,3.5,5.25,1.271,0.6,4.2,2.0,3.2,4.0,2.8,1.2634,5.25,1.0,4.2,2.2,1.7,2.6
2024-07-01,2.2,2.5,5.25,1.2863,0.5,4.1,2.0,2.3,4.0,3.5,1.271,5.25,0.6,4.2,2.2,2.3,2.5
2024-08-01,2.2,-3.2,5.25,1.2933,0.2,4.3,2.2,2.0,3.4,2.5,1.2863,5.25,0.5,4.1,1.7,2.6,3.0
2024-09-01,1.7,-11.6,5.25,1.3217,0.2,4.3,2.2,2.0,3.2,-3.2,1.2933,5.25,0.2,4.3,2.3,2.5,2.8
2024-10-01,2.3,-14.2,5.25,1.3045,0.2,4.4,1.7,2.2,2.3,-11.6,1.3217,5.25,0.2,4.3,2.6,3.0,2.6
2024-11-01,2.6,-12.2,5.25,1.275,0.1,4.4,2.3,2.2,2.0,-14.2,1.3045,5.25,0.2,4.4,2.5,2.8,3.5
2024-12-01,2.5,-6.0,5.25,1.2647,0.2,4.4,2.6,1.7,2.0,-12.2,1.275,5.25,0.1,4.4,3.0,2.6,3.4
2025-01-01,3.0,-2.8,4.5,1.2348,0.3,4.4,2.5,2.3,2.2,-6.0,1.2647,5.25,0.2,4.4,2.8,3.5,3.6
2025-02-01,2.8,-2.4,4.75,1.2545,0.6,4.5,3.0,2.6,2.2,-2.8,1.2348,4.5,0.3,4.4,2.6,3.4,3.8
